{":Hospital:entry:default@PreBuild":{"_inputs":[{"dataType":"ValueEntry","value":"{\"_name\":\"BUILTIN_TASK_COMMAND\",\"_value\":\"\",\"_valueType\":\"string\",\"_hash\":\"0b5d05294fdf4e78e8482ef53eb64ac0\"}"},{"dataType":"ValueEntry","value":"{\"_name\":\"BUILTIN_TASK_ENV\",\"_value\":\"\",\"_valueType\":\"string\",\"_hash\":\"cdcdc2ec8062ca9ec1de46dbf2bbc053\"}"},{"dataType":"ValueEntry","value":"{\"_name\":\"BUILTIN_TASK_TOOLCHAIN\",\"_value\":\"\",\"_valueType\":\"string\",\"_hash\":\"e7f94a9422a8bc317a7d90b58efcb5f6\"}"},{"dataType":"ValueEntry","value":"{\"_name\":\"apiType\",\"_value\":\"stageMode\",\"_valueType\":\"string\",\"_hash\":\"699c7565645ea3ea8c88551a4926a3d5\"}"},{"dataType":"ValueEntry","value":"{\"_name\":\"byteCodeHar\",\"_value\":false,\"_valueType\":\"boolean\",\"_hash\":\"1918a3ccb645ccacd0aedd84fc6cf8a4\"}"},{"dataType":"ValueEntry","value":"{\"_name\":\"codeType\",\"_value\":true,\"_valueType\":\"boolean\",\"_hash\":\"d6dcf21a9f078b661283507536e57ce8\"}"},{"dataType":"ValueEntry","value":"{\"_name\":\"compatibleApiVersion\",\"_value\":13,\"_valueType\":\"number\",\"_hash\":\"285c7007704e8c3a7d2dba4f9a0b160b\"}"},{"dataType":"ValueEntry","value":"{\"_name\":\"compileApiVersion\",\"_value\":13,\"_valueType\":\"number\",\"_hash\":\"8e97bf5ab9c6de127052ab27c3887037\"}"},{"dataType":"ValueEntry","value":"{\"_name\":\"configuration\",\"_value\":\"\",\"_valueType\":\"string\",\"_hash\":\"d12f0038691f8f34d654391bbcee2f8e\"}"},{"dataType":"ValueEntry","value":"{\"_name\":\"configurationFileJson\",\"_value\":\"\",\"_valueType\":\"string\",\"_hash\":\"2b55287f40f7e8896b21bab4028e156b\"}"},{"dataType":"ValueEntry","value":"{\"_name\":\"customTypes\",\"_value\":\"\",\"_valueType\":\"string\",\"_hash\":\"970a2695bffac1c5a4fa283dc36050e3\"}"},{"dataType":"ValueEntry","value":"{\"_name\":\"deviceType\",\"_value\":[\"phone\",\"tablet\",\"2in1\"],\"_valueType\":\"object\",\"_hash\":\"82734343919a9219c848a93ce88dfb4d\"}"},{"dataType":"ValueEntry","value":"{\"_name\":\"integrated_hsp\",\"_value\":false,\"_valueType\":\"boolean\",\"_hash\":\"2538281751f182d9123d2ab28efaf9be\"}"},{"dataType":"ValueEntry","value":"{\"_name\":\"isSupportOhpmProj\",\"_value\":true,\"_valueType\":\"boolean\",\"_hash\":\"f3a249d7e3f751316e931b8a08b074b4\"}"},{"dataType":"ValueEntry","value":"{\"_name\":\"mockConfigSources\",\"_value\":\"\",\"_valueType\":\"string\",\"_hash\":\"c489be8273867a50afbc86c53d938c92\"}"},{"dataType":"ValueEntry","value":"{\"_name\":\"moduleJsonOpt\",\"_value\":\"{\\\"jsonFilePath\\\":\\\"/Users/jes/Hospital/entry/src/main/module.json5\\\",\\\"profile\\\":{\\\"module\\\":{\\\"name\\\":\\\"entry\\\",\\\"type\\\":\\\"entry\\\",\\\"description\\\":\\\"$string:module_desc\\\",\\\"mainElement\\\":\\\"EntryAbility\\\",\\\"deviceTypes\\\":[\\\"phone\\\",\\\"tablet\\\",\\\"2in1\\\"],\\\"deliveryWithInstall\\\":true,\\\"installationFree\\\":false,\\\"pages\\\":\\\"$profile:main_pages\\\",\\\"abilities\\\":[{\\\"name\\\":\\\"EntryAbility\\\",\\\"srcEntry\\\":\\\"./ets/entryability/EntryAbility.ets\\\",\\\"description\\\":\\\"$string:EntryAbility_desc\\\",\\\"icon\\\":\\\"$media:layered_image\\\",\\\"label\\\":\\\"$string:EntryAbility_label\\\",\\\"startWindowIcon\\\":\\\"$media:startIcon\\\",\\\"startWindowBackground\\\":\\\"$color:start_window_background\\\",\\\"exported\\\":true,\\\"skills\\\":[{\\\"entities\\\":[\\\"entity.system.home\\\"],\\\"actions\\\":[\\\"action.system.home\\\"]}]}],\\\"extensionAbilities\\\":[{\\\"name\\\":\\\"EntryBackupAbility\\\",\\\"srcEntry\\\":\\\"./ets/entrybackupability/EntryBackupAbility.ets\\\",\\\"type\\\":\\\"backup\\\",\\\"exported\\\":false,\\\"metadata\\\":[{\\\"name\\\":\\\"ohos.extension.backup\\\",\\\"resource\\\":\\\"$profile:backup_config\\\"}]}]}},\\\"deviceTypes\\\":[\\\"phone\\\",\\\"tablet\\\",\\\"2in1\\\"],\\\"deviceConfig\\\":\\\"deviceTypes\\\",\\\"configurationProfile\\\":\\\"module.json5\\\"}\",\"_valueType\":\"string\",\"_hash\":\"6fe3c44cb077063de17b7418cd334368\"}"},{"dataType":"ValueEntry","value":"{\"_name\":\"profileModuleName\",\"_value\":\"entry\",\"_valueType\":\"string\",\"_hash\":\"b174ea6ff5824844dde5ad92f6b3ef2b\"}"},{"dataType":"ValueEntry","value":"{\"_name\":\"sdkToolchainsComponentVersion\",\"_value\":\"5.0.1.106\",\"_valueType\":\"string\",\"_hash\":\"fbf6bfa1af1ad51b02356d3ba2dff9cb\"}"},{"dataType":"ValueEntry","value":"{\"_name\":\"sourceRoots\",\"_value\":true,\"_valueType\":\"boolean\",\"_hash\":\"a369c115d2c4122f3819759804ec9d35\"}"},{"dataType":"ValueEntry","value":"{\"_name\":\"targetStatusCode\",\"_value\":2,\"_valueType\":\"number\",\"_hash\":\"5a9255c0f4ee50904a9349ebafca8369\"}"},{"dataType":"ValueEntry","value":"{\"_name\":\"transformLib\",\"_value\":\"\",\"_valueType\":\"string\",\"_hash\":\"7d270d0ce7ae5c6e2e32760cb396ea5a\"}"},{"dataType":"ValueEntry","value":"{\"_name\":\"useNormalizedOHMUrl\",\"_value\":true,\"_valueType\":\"boolean\",\"_hash\":\"05eabcf12e6fe230e579e0fd37679db6\"}"}],"_successful":true,"_projectName":"Hospital","_moduleName":"entry","_taskName":"default@PreBuild","_key":":Hospital:entry:default@PreBuild","_executionId":":Hospital:entry:default@PreBuild:1736112066883","_inputFiles":{"dataType":"Map","value":[["/Users/jes/Hospital/AppScope/app.json5",{"isDirectory":false,"fileSnapShotHashValue":"2e0972704218b59faadb5de852f79bee"}],["/Users/jes/Hospital/entry/src/main/module.json5",{"isDirectory":false,"fileSnapShotHashValue":"54ca2709a19c64e578007c590f9a5896"}],["/Users/jes/Hospital/build-profile.json5",{"fileSnapShotHashValue":"9d67d92d298e611e66e8f48b44726f3c"}],["/Users/jes/Hospital/entry/build-profile.json5",{"fileSnapShotHashValue":"4fc07bdac6e5cc8b46b965de82826105"}],["/Users/jes/Hospital/entry/src/main/resources/base/profile/main_pages.json",{"fileSnapShotHashValue":"d2fb4cd7a27fa9fb9dc5de28be7029a6"}],["/Users/jes/Hospital/hvigor/hvigor-config.json5",{"isDirectory":true,"fileSnapShotHashValue":"dbaaa5390d7244395f4b2e1d1e7c5a6b"}],["/Users/jes/Hospital/entry/src/mock/mock-config.json5",{"isDirectory":false,"fileSnapShotHashValue":"600b060e921d77496fe4d739d0433c7d"}],["/Users/jes/Hospital/entry/oh-package.json5",{"fileSnapShotHashValue":"1e010b1092abdfbd40fc5acb377ee2af"}]]},"_outputFiles":{"dataType":"Map","value":[]}},":Hospital:entry:default@GenerateMetadata":{"_inputs":[{"dataType":"ValueEntry","value":"{\"_name\":\"BUILTIN_TASK_COMMAND\",\"_value\":\"\",\"_valueType\":\"string\",\"_hash\":\"0b5d05294fdf4e78e8482ef53eb64ac0\"}"},{"dataType":"ValueEntry","value":"{\"_name\":\"BUILTIN_TASK_ENV\",\"_value\":\"\",\"_valueType\":\"string\",\"_hash\":\"cdcdc2ec8062ca9ec1de46dbf2bbc053\"}"},{"dataType":"ValueEntry","value":"{\"_name\":\"BUILTIN_TASK_TOOLCHAIN\",\"_value\":\"\",\"_valueType\":\"string\",\"_hash\":\"e7f94a9422a8bc317a7d90b58efcb5f6\"}"},{"dataType":"ValueEntry","value":"{\"_name\":\"artifactName\",\"_value\":\"\",\"_valueType\":\"string\",\"_hash\":\"7f42b9cbe0181813f8dc60881bf90988\"}"},{"dataType":"ValueEntry","value":"{\"_name\":\"isSigned\",\"_value\":false,\"_valueType\":\"boolean\",\"_hash\":\"a1368a74a9a6bab3a8b88ab0063c1681\"}"},{"dataType":"ValueEntry","value":"{\"_name\":\"relatedEntryModules\",\"_value\":\"\",\"_valueType\":\"string\",\"_hash\":\"85b4d1fa598cae3838191eb99a09f4dd\"}"},{"dataType":"ValueEntry","value":"{\"_name\":\"remoteHspMetaData\",\"_value\":\"\",\"_valueType\":\"string\",\"_hash\":\"4789086a6779d6842529a03edde7237d\"}"},{"dataType":"ValueEntry","value":"{\"_name\":\"targetDeviceType\",\"_value\":[\"phone\",\"tablet\",\"2in1\"],\"_valueType\":\"object\",\"_hash\":\"ba692565ec35e5756249b1d95725260c\"}"}],"_successful":true,"_projectName":"Hospital","_moduleName":"entry","_taskName":"default@GenerateMetadata","_key":":Hospital:entry:default@GenerateMetadata","_executionId":":Hospital:entry:default@GenerateMetadata:1735355984363","_inputFiles":{"dataType":"Map","value":[["/Users/jes/Hospital/entry/src/main/module.json5",{"fileSnapShotHashValue":"54ca2709a19c64e578007c590f9a5896"}]]},"_outputFiles":{"dataType":"Map","value":[["/Users/jes/Hospital/entry/build/default/intermediates/hap_metadata/default/output_metadata.json",{"fileSnapShotHashValue":"e6e3f791b904529702e08483f1cf6ab0"}]]}},":Hospital:entry:default@MergeProfile":{"_inputs":[{"dataType":"ValueEntry","value":"{\"_name\":\"BUILTIN_TASK_COMMAND\",\"_value\":\"\",\"_valueType\":\"string\",\"_hash\":\"0b5d05294fdf4e78e8482ef53eb64ac0\"}"},{"dataType":"ValueEntry","value":"{\"_name\":\"BUILTIN_TASK_ENV\",\"_value\":\"\",\"_valueType\":\"string\",\"_hash\":\"cdcdc2ec8062ca9ec1de46dbf2bbc053\"}"},{"dataType":"ValueEntry","value":"{\"_name\":\"BUILTIN_TASK_TOOLCHAIN\",\"_value\":\"\",\"_valueType\":\"string\",\"_hash\":\"e7f94a9422a8bc317a7d90b58efcb5f6\"}"},{"dataType":"ValueEntry","value":"{\"_name\":\"appJsonOpt\",\"_value\":\"{\\\"app\\\":{\\\"bundleName\\\":\\\"com.example.hospital\\\",\\\"vendor\\\":\\\"example\\\",\\\"versionCode\\\":1000000,\\\"versionName\\\":\\\"1.0.0\\\",\\\"icon\\\":\\\"$media:app_icon\\\",\\\"label\\\":\\\"$string:app_name\\\"}}\",\"_valueType\":\"string\",\"_hash\":\"892572b2e066f6edcb78e7d135d7a60a\"}"},{"dataType":"ValueEntry","value":"{\"_name\":\"asanEnable\",\"_value\":false,\"_valueType\":\"boolean\",\"_hash\":\"bc2129ba20a21b7e5234139ede1b4d7b\"}"},{"dataType":"ValueEntry","value":"{\"_name\":\"buildProfileAbilities\",\"_valueType\":\"undefined\",\"_hash\":\"40d5093f345351dd6d67ce5d6a209345\"}"},{"dataType":"ValueEntry","value":"{\"_name\":\"buildRoot\",\"_value\":\"build\",\"_valueType\":\"string\",\"_hash\":\"4c2dd7bb7507f74001ec27f2936db7f9\"}"},{"dataType":"ValueEntry","value":"{\"_name\":\"compatibleSdkVersion\",\"_value\":13,\"_valueType\":\"number\",\"_hash\":\"2877122447c9f3e8e65200a7fb40d519\"}"},{"dataType":"ValueEntry","value":"{\"_name\":\"hwasanEnable\",\"_value\":false,\"_valueType\":\"boolean\",\"_hash\":\"d35c8440e915c3a94c482ddd6f7af075\"}"},{"dataType":"ValueEntry","value":"{\"_name\":\"integratedHsp\",\"_value\":false,\"_valueType\":\"boolean\",\"_hash\":\"e67900c25b1f9fb70cc779de77dc6912\"}"},{"dataType":"ValueEntry","value":"{\"_name\":\"isBundledDependencies\",\"_value\":false,\"_valueType\":\"boolean\",\"_hash\":\"a69aa552317c7a6e087cb84a5722e050\"}"},{"dataType":"ValueEntry","value":"{\"_name\":\"isDebug\",\"_value\":true,\"_valueType\":\"boolean\",\"_hash\":\"edbf05a2d2be2c385e75d9565a48d419\"}"},{"dataType":"ValueEntry","value":"{\"_name\":\"isHarModule\",\"_value\":false,\"_valueType\":\"boolean\",\"_hash\":\"a15b7a3ed818faa99a4a10d67f52cb72\"}"},{"dataType":"ValueEntry","value":"{\"_name\":\"moduleJsonOpt\",\"_value\":\"{\\\"module\\\":{\\\"name\\\":\\\"entry\\\",\\\"type\\\":\\\"entry\\\",\\\"description\\\":\\\"$string:module_desc\\\",\\\"mainElement\\\":\\\"EntryAbility\\\",\\\"deviceTypes\\\":[\\\"phone\\\",\\\"tablet\\\",\\\"2in1\\\"],\\\"deliveryWithInstall\\\":true,\\\"installationFree\\\":false,\\\"pages\\\":\\\"$profile:main_pages\\\",\\\"abilities\\\":[{\\\"name\\\":\\\"EntryAbility\\\",\\\"srcEntry\\\":\\\"./ets/entryability/EntryAbility.ets\\\",\\\"description\\\":\\\"$string:EntryAbility_desc\\\",\\\"icon\\\":\\\"$media:layered_image\\\",\\\"label\\\":\\\"$string:EntryAbility_label\\\",\\\"startWindowIcon\\\":\\\"$media:startIcon\\\",\\\"startWindowBackground\\\":\\\"$color:start_window_background\\\",\\\"exported\\\":true,\\\"skills\\\":[{\\\"entities\\\":[\\\"entity.system.home\\\"],\\\"actions\\\":[\\\"action.system.home\\\"]}]}],\\\"extensionAbilities\\\":[{\\\"name\\\":\\\"EntryBackupAbility\\\",\\\"srcEntry\\\":\\\"./ets/entrybackupability/EntryBackupAbility.ets\\\",\\\"type\\\":\\\"backup\\\",\\\"exported\\\":false,\\\"metadata\\\":[{\\\"name\\\":\\\"ohos.extension.backup\\\",\\\"resource\\\":\\\"$profile:backup_config\\\"}]}]}}\",\"_valueType\":\"string\",\"_hash\":\"367d0f93272e9a7f56f6f5bdfab85361\"}"},{"dataType":"ValueEntry","value":"{\"_name\":\"multiProjects\",\"_value\":false,\"_valueType\":\"boolean\",\"_hash\":\"555604752defc243b4e4c55d1549fc06\"}"},{"dataType":"ValueEntry","value":"{\"_name\":\"projectConfigAppOpt\",\"_valueType\":\"undefined\",\"_hash\":\"b52997704fa206ed96a13a1f2e464a85\"}"},{"dataType":"ValueEntry","value":"{\"_name\":\"releaseType\",\"_value\":\"Beta3\",\"_valueType\":\"string\",\"_hash\":\"cb23cae8278ebc0749002738e0b46bbc\"}"},{"dataType":"ValueEntry","value":"{\"_name\":\"targetSdkVersion\",\"_value\":13,\"_valueType\":\"number\",\"_hash\":\"f131750e007e8ad795aeac7df27cae61\"}"},{"dataType":"ValueEntry","value":"{\"_name\":\"tsanEnable\",\"_value\":false,\"_valueType\":\"boolean\",\"_hash\":\"086cac69f102cdd9ee25e54982ad7b76\"}"},{"dataType":"ValueEntry","value":"{\"_name\":\"ubsanEnable\",\"_value\":false,\"_valueType\":\"boolean\",\"_hash\":\"3b15da42c5f4b695fbd1d0b43191764a\"}"}],"_successful":true,"_projectName":"Hospital","_moduleName":"entry","_taskName":"default@MergeProfile","_key":":Hospital:entry:default@MergeProfile","_executionId":":Hospital:entry:default@MergeProfile:1736135603696","_inputFiles":{"dataType":"Map","value":[["/Users/jes/Hospital/AppScope/app.json5",{"fileSnapShotHashValue":"2e0972704218b59faadb5de852f79bee"}],["/Users/jes/Hospital/build-profile.json5",{"fileSnapShotHashValue":"9d67d92d298e611e66e8f48b44726f3c"}],["/Users/jes/Hospital/entry/src/main/module.json5",{"fileSnapShotHashValue":"54ca2709a19c64e578007c590f9a5896"}],["/Users/jes/Hospital/oh_modules/.ohpm/@mcui+mccharts@2.8.4/oh_modules/@mcui/mccharts/src/main/module.json",{"fileSnapShotHashValue":"0324f8771f1f01563c0eea114ff24c04"}]]},"_outputFiles":{"dataType":"Map","value":[["/Users/jes/Hospital/entry/build/default/intermediates/merge_profile/default/module.json",{"fileSnapShotHashValue":"bc4b700a9a265b73332868f8fe2f3823"}]]}},":Hospital:entry:default@CreateBuildProfile":{"_inputs":[{"dataType":"ValueEntry","value":"{\"_name\":\"BUILTIN_TASK_COMMAND\",\"_value\":\"\",\"_valueType\":\"string\",\"_hash\":\"0b5d05294fdf4e78e8482ef53eb64ac0\"}"},{"dataType":"ValueEntry","value":"{\"_name\":\"BUILTIN_TASK_ENV\",\"_value\":\"\",\"_valueType\":\"string\",\"_hash\":\"cdcdc2ec8062ca9ec1de46dbf2bbc053\"}"},{"dataType":"ValueEntry","value":"{\"_name\":\"BUILTIN_TASK_TOOLCHAIN\",\"_value\":\"\",\"_valueType\":\"string\",\"_hash\":\"e7f94a9422a8bc317a7d90b58efcb5f6\"}"},{"dataType":"ValueEntry","value":"{\"_name\":\"buildMode\",\"_value\":\"Debug\",\"_valueType\":\"string\",\"_hash\":\"8120d22ada0d6de22b101e1f4ea16e81\"}"},{"dataType":"ValueEntry","value":"{\"_name\":\"buildModeName\",\"_value\":\"debug\",\"_valueType\":\"string\",\"_hash\":\"3f0246ea410fd9efa9fc7196cca045e3\"}"},{"dataType":"ValueEntry","value":"{\"_name\":\"buildProfileFields\",\"_value\":\"\",\"_valueType\":\"string\",\"_hash\":\"21090e125326cef17357e44b789a1ab5\"}"},{"dataType":"ValueEntry","value":"{\"_name\":\"projectOhosConfigAppOpt\",\"_value\":\"\",\"_valueType\":\"string\",\"_hash\":\"7613f1b2cb16d78bb723d12882b0d923\"}"}],"_successful":true,"_projectName":"Hospital","_moduleName":"entry","_taskName":"default@CreateBuildProfile","_key":":Hospital:entry:default@CreateBuildProfile","_executionId":":Hospital:entry:default@CreateBuildProfile:1736135603708","_inputFiles":{"dataType":"Map","value":[["/Users/jes/Hospital/AppScope/app.json5",{"fileSnapShotHashValue":"2e0972704218b59faadb5de852f79bee"}],["/Users/jes/Hospital/build-profile.json5",{"fileSnapShotHashValue":"9d67d92d298e611e66e8f48b44726f3c"}]]},"_outputFiles":{"dataType":"Map","value":[["/Users/jes/Hospital/entry/build/default/generated/profile/default/BuildProfile.ets",{"fileSnapShotHashValue":"f45ca7493025d945d4a8dc2a838a03cd"}]]}},":Hospital:entry:default@GeneratePkgContextInfo":{"_inputs":[{"dataType":"ValueEntry","value":"{\"_name\":\"BUILTIN_TASK_COMMAND\",\"_value\":\"\",\"_valueType\":\"string\",\"_hash\":\"0b5d05294fdf4e78e8482ef53eb64ac0\"}"},{"dataType":"ValueEntry","value":"{\"_name\":\"BUILTIN_TASK_ENV\",\"_value\":\"\",\"_valueType\":\"string\",\"_hash\":\"cdcdc2ec8062ca9ec1de46dbf2bbc053\"}"},{"dataType":"ValueEntry","value":"{\"_name\":\"BUILTIN_TASK_TOOLCHAIN\",\"_value\":\"\",\"_valueType\":\"string\",\"_hash\":\"e7f94a9422a8bc317a7d90b58efcb5f6\"}"},{"dataType":"ValueEntry","value":"{\"_name\":\"pkgContextInfoMap-@mcui/mccharts\",\"_value\":\"deda4feb572f2fe42eeebbf0f091dcfd\",\"_valueType\":\"string\",\"_hash\":\"9e8f2b7a48632fe99acfe2626fbf0fd2\"}"},{"dataType":"ValueEntry","value":"{\"_name\":\"pkgContextInfoMap-@ohos/hamock\",\"_value\":\"566d0d1ba1afb93928c8984a8fae6421\",\"_valueType\":\"string\",\"_hash\":\"52638b5b8d5967d85f7d558e6c0897dd\"}"},{"dataType":"ValueEntry","value":"{\"_name\":\"pkgContextInfoMap-@ohos/hypium\",\"_value\":\"41efa2bde0160a4e0a248bb3f029ea89\",\"_valueType\":\"string\",\"_hash\":\"7f9e4b9dab8fc2d2c20b21fb1cd3eaf7\"}"},{"dataType":"ValueEntry","value":"{\"_name\":\"pkgContextInfoMap-entry\",\"_value\":\"a8164913e569f3b3b2485e1811ddf44d\",\"_valueType\":\"string\",\"_hash\":\"6fbb0d2287cd1f34051162075393f37a\"}"},{"dataType":"ValueEntry","value":"{\"_name\":\"useNormalizedOHMUrl\",\"_value\":true,\"_valueType\":\"boolean\",\"_hash\":\"05eabcf12e6fe230e579e0fd37679db6\"}"}],"_successful":true,"_projectName":"Hospital","_moduleName":"entry","_taskName":"default@GeneratePkgContextInfo","_key":":Hospital:entry:default@GeneratePkgContextInfo","_executionId":":Hospital:entry:default@GeneratePkgContextInfo:1736135603713","_inputFiles":{"dataType":"Map","value":[]},"_outputFiles":{"dataType":"Map","value":[["/Users/jes/Hospital/entry/build/default/intermediates/loader/default/pkgContextInfo.json",{"isDirectory":false,"fileSnapShotHashValue":"636fb155b844468c252a5cf96b062aa2"}]]}},":Hospital:entry:default@ProcessIntegratedHsp":{"_inputs":[{"dataType":"ValueEntry","value":"{\"_name\":\"BUILTIN_TASK_COMMAND\",\"_value\":\"\",\"_valueType\":\"string\"}"},{"dataType":"ValueEntry","value":"{\"_name\":\"BUILTIN_TASK_TOOLCHAIN\",\"_value\":\"\",\"_valueType\":\"string\"}"},{"dataType":"ValueEntry","value":"{\"_name\":\"BUILTIN_TASK_ENV\",\"_value\":\"\",\"_valueType\":\"string\"}"}],"_successful":true,"_projectName":"Hospital","_moduleName":"entry","_taskName":"default@ProcessIntegratedHsp","_key":":Hospital:entry:default@ProcessIntegratedHsp","_executionId":":Hospital:entry:default@ProcessIntegratedHsp:1736162570524","_inputFiles":{"dataType":"Map","value":[]},"_outputFiles":{"dataType":"Map","value":[["/Users/jes/Hospital/build/cache/default/integrated_hsp/integratedHspCache.json",{"isDirectory":false,"fileSnapShotHashValue":""}]]}},":Hospital:entry:default@MakePackInfo":{"_inputs":[{"dataType":"ValueEntry","value":"{\"_name\":\"BUILTIN_TASK_COMMAND\",\"_value\":\"\",\"_valueType\":\"string\",\"_hash\":\"0b5d05294fdf4e78e8482ef53eb64ac0\"}"},{"dataType":"ValueEntry","value":"{\"_name\":\"BUILTIN_TASK_ENV\",\"_value\":\"\",\"_valueType\":\"string\",\"_hash\":\"cdcdc2ec8062ca9ec1de46dbf2bbc053\"}"},{"dataType":"ValueEntry","value":"{\"_name\":\"BUILTIN_TASK_TOOLCHAIN\",\"_value\":\"\",\"_valueType\":\"string\",\"_hash\":\"e7f94a9422a8bc317a7d90b58efcb5f6\"}"},{"dataType":"ValueEntry","value":"{\"_name\":\"appResOpt\",\"_value\":\"{\\\"app\\\":{\\\"bundleName\\\":\\\"com.example.hospital\\\",\\\"vendor\\\":\\\"example\\\",\\\"versionCode\\\":1000000,\\\"versionName\\\":\\\"1.0.0\\\",\\\"icon\\\":\\\"$media:app_icon\\\",\\\"label\\\":\\\"$string:app_name\\\"}}\",\"_valueType\":\"string\",\"_hash\":\"74aeb62792bca402b390e6e56bdecdcd\"}"},{"dataType":"ValueEntry","value":"{\"_name\":\"compatibleSdkVersion\",\"_value\":13,\"_valueType\":\"number\",\"_hash\":\"2877122447c9f3e8e65200a7fb40d519\"}"},{"dataType":"ValueEntry","value":"{\"_name\":\"compileSdkVersion\",\"_value\":13,\"_valueType\":\"number\",\"_hash\":\"8ded5059f3fb47a65e3bc27534273109\"}"},{"dataType":"ValueEntry","value":"{\"_name\":\"deviceTypes\",\"_value\":[\"phone\",\"tablet\",\"2in1\"],\"_valueType\":\"object\",\"_hash\":\"955f8760c6b7289b81ed107c2c4df075\"}"},{"dataType":"ValueEntry","value":"{\"_name\":\"integratedHsp\",\"_value\":false,\"_valueType\":\"boolean\",\"_hash\":\"e67900c25b1f9fb70cc779de77dc6912\"}"},{"dataType":"ValueEntry","value":"{\"_name\":\"moduleJsonOpt\",\"_value\":\"{\\\"module\\\":{\\\"name\\\":\\\"entry\\\",\\\"type\\\":\\\"entry\\\",\\\"description\\\":\\\"$string:module_desc\\\",\\\"mainElement\\\":\\\"EntryAbility\\\",\\\"deviceTypes\\\":[\\\"phone\\\",\\\"tablet\\\",\\\"2in1\\\"],\\\"deliveryWithInstall\\\":true,\\\"pages\\\":\\\"$profile:main_pages\\\",\\\"abilities\\\":[{\\\"name\\\":\\\"EntryAbility\\\",\\\"srcEntry\\\":\\\"./ets/entryability/EntryAbility.ets\\\",\\\"description\\\":\\\"$string:EntryAbility_desc\\\",\\\"icon\\\":\\\"$media:layered_image\\\",\\\"label\\\":\\\"$string:EntryAbility_label\\\",\\\"startWindowIcon\\\":\\\"$media:startIcon\\\",\\\"startWindowBackground\\\":\\\"$color:start_window_background\\\",\\\"exported\\\":true,\\\"skills\\\":[{\\\"entities\\\":[\\\"entity.system.home\\\"],\\\"actions\\\":[\\\"action.system.home\\\"]}]}],\\\"extensionAbilities\\\":[{\\\"name\\\":\\\"EntryBackupAbility\\\",\\\"srcEntry\\\":\\\"./ets/entrybackupability/EntryBackupAbility.ets\\\",\\\"type\\\":\\\"backup\\\",\\\"exported\\\":false,\\\"metadata\\\":[{\\\"name\\\":\\\"ohos.extension.backup\\\",\\\"resource\\\":\\\"$profile:backup_config\\\"}]}]}}\",\"_valueType\":\"string\",\"_hash\":\"0f1e146f0a36129b0ac5cc890242c714\"}"},{"dataType":"ValueEntry","value":"{\"_name\":\"projectConfigAppOpt\",\"_valueType\":\"undefined\",\"_hash\":\"b52997704fa206ed96a13a1f2e464a85\"}"},{"dataType":"ValueEntry","value":"{\"_name\":\"releaseType\",\"_value\":\"Beta3\",\"_valueType\":\"string\",\"_hash\":\"cb23cae8278ebc0749002738e0b46bbc\"}"}],"_successful":true,"_projectName":"Hospital","_moduleName":"entry","_taskName":"default@MakePackInfo","_key":":Hospital:entry:default@MakePackInfo","_executionId":":Hospital:entry:default@MakePackInfo:1735355984376","_inputFiles":{"dataType":"Map","value":[["/Users/jes/Hospital/AppScope/app.json5",{"fileSnapShotHashValue":"2e0972704218b59faadb5de852f79bee"}],["/Users/jes/Hospital/entry/src/main/module.json5",{"fileSnapShotHashValue":"54ca2709a19c64e578007c590f9a5896"}],["/Users/jes/Hospital/build-profile.json5",{"fileSnapShotHashValue":"9d67d92d298e611e66e8f48b44726f3c"}],["/Users/jes/Hospital/entry/src/main/resources/base/profile/backup_config.json",{"fileSnapShotHashValue":"2172f1ae5196b43b0d3ea953653263be"}]]},"_outputFiles":{"dataType":"Map","value":[["/Users/jes/Hospital/entry/build/default/outputs/default/pack.info",{"fileSnapShotHashValue":"8739544e0b85eab11586ca2cb5a64736"}]]}},":Hospital:entry:default@ProcessProfile":{"_inputs":[{"dataType":"ValueEntry","value":"{\"_name\":\"BUILTIN_TASK_COMMAND\",\"_value\":\"\",\"_valueType\":\"string\",\"_hash\":\"0b5d05294fdf4e78e8482ef53eb64ac0\"}"},{"dataType":"ValueEntry","value":"{\"_name\":\"BUILTIN_TASK_ENV\",\"_value\":\"\",\"_valueType\":\"string\",\"_hash\":\"cdcdc2ec8062ca9ec1de46dbf2bbc053\"}"},{"dataType":"ValueEntry","value":"{\"_name\":\"BUILTIN_TASK_TOOLCHAIN\",\"_value\":\"\",\"_valueType\":\"string\",\"_hash\":\"e7f94a9422a8bc317a7d90b58efcb5f6\"}"},{"dataType":"ValueEntry","value":"{\"_name\":\"arkEnable\",\"_value\":true,\"_valueType\":\"boolean\",\"_hash\":\"750b4bda198545a67903dfb3f6a00a95\"}"},{"dataType":"ValueEntry","value":"{\"_name\":\"compatibleSdkVersionStage\",\"_value\":\"\",\"_valueType\":\"string\",\"_hash\":\"713e499a13beffe12f1dfb936f957a2a\"}"},{"dataType":"ValueEntry","value":"{\"_name\":\"compileMode\",\"_value\":\"esmodule\",\"_valueType\":\"string\",\"_hash\":\"dacafc8e0b77a950178a0b4d142dc32c\"}"},{"dataType":"ValueEntry","value":"{\"_name\":\"dependency\",\"_value\":\"[]\",\"_valueType\":\"string\",\"_hash\":\"ac54f3d4ced2d4c1d666d40e4f7c454a\"}"},{"dataType":"ValueEntry","value":"{\"_name\":\"deviceTypes\",\"_value\":[\"phone\",\"tablet\",\"2in1\"],\"_valueType\":\"object\",\"_hash\":\"955f8760c6b7289b81ed107c2c4df075\"}"}],"_successful":true,"_projectName":"Hospital","_moduleName":"entry","_taskName":"default@ProcessProfile","_key":":Hospital:entry:default@ProcessProfile","_executionId":":Hospital:entry:default@ProcessProfile:1736135603722","_inputFiles":{"dataType":"Map","value":[["/Users/jes/Hospital/entry/build/default/intermediates/merge_profile/default/module.json",{"fileSnapShotHashValue":"bc4b700a9a265b73332868f8fe2f3823"}]]},"_outputFiles":{"dataType":"Map","value":[["/Users/jes/Hospital/entry/build/default/intermediates/process_profile/default/module.json",{"fileSnapShotHashValue":"fd20d84cac7c186cbd57ff0ae6b03b19"}]]}},":Hospital:entry:default@SyscapTransform":{"_inputs":[{"dataType":"ValueEntry","value":"{\"_name\":\"deviceTypes\",\"_value\":[\"phone\",\"tablet\",\"2in1\"],\"_valueType\":\"object\"}"},{"dataType":"ValueEntry","value":"{\"_name\":\"BUILTIN_TASK_COMMAND\",\"_value\":\"\",\"_valueType\":\"string\"}"},{"dataType":"ValueEntry","value":"{\"_name\":\"BUILTIN_TASK_TOOLCHAIN\",\"_value\":\"\",\"_valueType\":\"string\"}"},{"dataType":"ValueEntry","value":"{\"_name\":\"BUILTIN_TASK_ENV\",\"_value\":\"\",\"_valueType\":\"string\"}"}],"_successful":true,"_projectName":"Hospital","_moduleName":"entry","_taskName":"default@SyscapTransform","_key":":Hospital:entry:default@SyscapTransform","_executionId":":Hospital:entry:default@SyscapTransform:1736162570528","_inputFiles":{"dataType":"Map","value":[["/Applications/DevEco-Studio.app/Contents/sdk/default/openharmony/toolchains/syscap_tool",{"fileSnapShotHashValue":"82fe053d2e5a45af18fc6613be76e61e"}],["/Applications/DevEco-Studio.app/Contents/sdk/default/openharmony/ets/api/device-define",{"fileSnapShotHashValue":"7dde80ec76ef9563e8a9eda73150f9b4"}]]},"_outputFiles":{"dataType":"Map","value":[["/Users/jes/Hospital/entry/build/default/intermediates/syscap/default/rpcid.sc",{"fileSnapShotHashValue":""}]]}},":Hospital:entry:default@ProcessRouterMap":{"_inputs":[{"dataType":"ValueEntry","value":"{\"_name\":\"BUILTIN_TASK_COMMAND\",\"_value\":\"\",\"_valueType\":\"string\",\"_hash\":\"0b5d05294fdf4e78e8482ef53eb64ac0\"}"},{"dataType":"ValueEntry","value":"{\"_name\":\"BUILTIN_TASK_ENV\",\"_value\":\"\",\"_valueType\":\"string\",\"_hash\":\"cdcdc2ec8062ca9ec1de46dbf2bbc053\"}"},{"dataType":"ValueEntry","value":"{\"_name\":\"BUILTIN_TASK_TOOLCHAIN\",\"_value\":\"\",\"_valueType\":\"string\",\"_hash\":\"e7f94a9422a8bc317a7d90b58efcb5f6\"}"},{"dataType":"ValueEntry","value":"{\"_name\":\"byteCodeHar\",\"_value\":false,\"_valueType\":\"boolean\",\"_hash\":\"1918a3ccb645ccacd0aedd84fc6cf8a4\"}"},{"dataType":"ValueEntry","value":"{\"_name\":\"obfuscated\",\"_value\":true,\"_valueType\":\"boolean\",\"_hash\":\"a69c27b9cf01a6710d3662cfe180239f\"}"},{"dataType":"ValueEntry","value":"{\"_name\":\"useNormalizedOHMUrl\",\"_value\":true,\"_valueType\":\"boolean\",\"_hash\":\"05eabcf12e6fe230e579e0fd37679db6\"}"}],"_successful":true,"_projectName":"Hospital","_moduleName":"entry","_taskName":"default@ProcessRouterMap","_key":":Hospital:entry:default@ProcessRouterMap","_executionId":":Hospital:entry:default@ProcessRouterMap:1736135603813","_inputFiles":{"dataType":"Map","value":[["/Users/jes/Hospital/entry/oh-package.json5",{"fileSnapShotHashValue":"1e010b1092abdfbd40fc5acb377ee2af"}],["/Users/jes/Hospital/oh-package.json5",{"fileSnapShotHashValue":"be136c15b100bdc0e4ee3a31671f54e0"}],["/Users/jes/Hospital/entry/src/main/module.json5",{"fileSnapShotHashValue":"54ca2709a19c64e578007c590f9a5896"}],["/Users/jes/Hospital/entry/build/default/intermediates/loader/default/pkgContextInfo.json",{"fileSnapShotHashValue":"636fb155b844468c252a5cf96b062aa2"}]]},"_outputFiles":{"dataType":"Map","value":[["/Users/jes/Hospital/entry/build/default/intermediates/router_map/default/temp-router-map.json",{"fileSnapShotHashValue":"b8f922412bb2367d1c11ca93cd8c680c"}],["/Users/jes/Hospital/entry/build/default/intermediates/router_map/default/loader-router-map.json",{"fileSnapShotHashValue":"84f568ec2b8c9f8fe531361646a97368"}]]}},":Hospital:entry:default@ProcessResource":{"_inputs":[{"dataType":"ValueEntry","value":"{\"_name\":\"/Users/jes/Hospital/entry/build/default/intermediates/res/default/opt-compression.json\",\"_value\":\"{\\\"context\\\":{\\\"extensionPath\\\":\\\"/Applications/DevEco-Studio.app/Contents/sdk/default/hms/toolchains/lib/libimage_transcoder_shared.dylib\\\"},\\\"compression\\\":{\\\"media\\\":{\\\"enable\\\":false},\\\"filters\\\":[]}}\",\"_valueType\":\"string\",\"_hash\":\"7e381b48beccabadd70af1af618317d5\"}"},{"dataType":"ValueEntry","value":"{\"_name\":\"BUILTIN_TASK_COMMAND\",\"_value\":\"\",\"_valueType\":\"string\",\"_hash\":\"0b5d05294fdf4e78e8482ef53eb64ac0\"}"},{"dataType":"ValueEntry","value":"{\"_name\":\"BUILTIN_TASK_ENV\",\"_value\":\"\",\"_valueType\":\"string\",\"_hash\":\"cdcdc2ec8062ca9ec1de46dbf2bbc053\"}"},{"dataType":"ValueEntry","value":"{\"_name\":\"BUILTIN_TASK_TOOLCHAIN\",\"_value\":\"\",\"_valueType\":\"string\",\"_hash\":\"e7f94a9422a8bc317a7d90b58efcb5f6\"}"},{"dataType":"ValueEntry","value":"{\"_name\":\"resConfigJsonContent\",\"_value\":\"{\\\"configPath\\\":\\\"/Users/jes/Hospital/entry/build/default/intermediates/process_profile/default/module.json\\\",\\\"packageName\\\":\\\"com.example.hospital\\\",\\\"output\\\":\\\"/Users/jes/Hospital/entry/build/default/intermediates/res/default\\\",\\\"moduleNames\\\":\\\"entry\\\",\\\"ResourceTable\\\":[\\\"/Users/jes/Hospital/entry/build/default/generated/r/default/ResourceTable.h\\\"],\\\"applicationResource\\\":\\\"/Users/jes/Hospital/AppScope/resources\\\",\\\"moduleResources\\\":[\\\"/Users/jes/Hospital/entry/src/main/resources\\\"],\\\"dependencies\\\":[\\\"/Users/jes/Hospital/oh_modules/.ohpm/@mcui+mccharts@2.8.4/oh_modules/@mcui/mccharts/src/main/resources\\\",\\\"/Users/jes/Hospital/entry/build/default/intermediates/res/default/resource_str\\\"],\\\"iconCheck\\\":true,\\\"ids\\\":\\\"/Users/jes/Hospital/entry/build/default/intermediates/res/default/ids_map\\\",\\\"definedIds\\\":\\\"/Users/jes/Hospital/entry/build/default/intermediates/res/default/ids_map/id_defined.json\\\",\\\"definedSysIds\\\":\\\"/Applications/DevEco-Studio.app/Contents/sdk/default/hms/toolchains/id_defined.json\\\"}\",\"_valueType\":\"string\",\"_hash\":\"d06bd0db173f8d3b3aa66946bd3595e7\"}"}],"_successful":true,"_projectName":"Hospital","_moduleName":"entry","_taskName":"default@ProcessResource","_key":":Hospital:entry:default@ProcessResource","_executionId":":Hospital:entry:default@ProcessResource:1735817462356","_inputFiles":{"dataType":"Map","value":[]},"_outputFiles":{"dataType":"Map","value":[["/Users/jes/Hospital/entry/build/default/intermediates/res/default/resConfig.json",{"isDirectory":false,"fileSnapShotHashValue":"b63f8bf07d8c1f08515b52bab427dc48"}],["/Users/jes/Hospital/entry/build/default/intermediates/res/default/opt-compression.json",{"isDirectory":false,"fileSnapShotHashValue":"a401d1720c191d32ba3f252b6cbd774e"}]]}},":Hospital:entry:default@GenerateLoaderJson":{"_inputs":[{"dataType":"ValueEntry","value":"{\"_name\":\"BUILTIN_TASK_COMMAND\",\"_value\":\"\",\"_valueType\":\"string\",\"_hash\":\"0b5d05294fdf4e78e8482ef53eb64ac0\"}"},{"dataType":"ValueEntry","value":"{\"_name\":\"BUILTIN_TASK_ENV\",\"_value\":\"\",\"_valueType\":\"string\",\"_hash\":\"cdcdc2ec8062ca9ec1de46dbf2bbc053\"}"},{"dataType":"ValueEntry","value":"{\"_name\":\"BUILTIN_TASK_TOOLCHAIN\",\"_value\":\"\",\"_valueType\":\"string\",\"_hash\":\"e7f94a9422a8bc317a7d90b58efcb5f6\"}"},{"dataType":"ValueEntry","value":"{\"_name\":\"anBuildMode\",\"_value\":\"type\",\"_valueType\":\"string\",\"_hash\":\"de241a1eec94a2a622ff1c89f32846a2\"}"},{"dataType":"ValueEntry","value":"{\"_name\":\"apPath\",\"_value\":\"/Users/jes/Hospital/entry/modules.ap\",\"_valueType\":\"string\",\"_hash\":\"bbba25d8bb1750af2d2848bebe2a614b\"}"},{"dataType":"ValueEntry","value":"{\"_name\":\"compatibleApiVersion\",\"_value\":13,\"_valueType\":\"number\",\"_hash\":\"285c7007704e8c3a7d2dba4f9a0b160b\"}"},{"dataType":"ValueEntry","value":"{\"_name\":\"compileApiVersion\",\"_value\":13,\"_valueType\":\"number\",\"_hash\":\"8e97bf5ab9c6de127052ab27c3887037\"}"},{"dataType":"ValueEntry","value":"{\"_name\":\"compileMode\",\"_value\":\"esmodule\",\"_valueType\":\"string\",\"_hash\":\"dacafc8e0b77a950178a0b4d142dc32c\"}"},{"dataType":"ValueEntry","value":"{\"_name\":\"fallbackAnBuild\",\"_value\":false,\"_valueType\":\"boolean\",\"_hash\":\"a63e98bb3f368ced6ed4d5579ea7ca39\"}"},{"dataType":"ValueEntry","value":"{\"_name\":\"harNameOhmMap\",\"_value\":\"{}\",\"_valueType\":\"string\",\"_hash\":\"0faf006bccbcdc2c7f04ff2d8c87894f\"}"},{"dataType":"ValueEntry","value":"{\"_name\":\"hspNameOhmMap\",\"_value\":\"{}\",\"_valueType\":\"string\",\"_hash\":\"0e2d87e0c1ed279c66bc3efb8683e5d1\"}"},{"dataType":"ValueEntry","value":"{\"_name\":\"isBundledDependencies\",\"_value\":false,\"_valueType\":\"boolean\",\"_hash\":\"a69aa552317c7a6e087cb84a5722e050\"}"},{"dataType":"ValueEntry","value":"{\"_name\":\"isByteCodeHar\",\"_value\":false,\"_valueType\":\"boolean\",\"_hash\":\"c5f9b9e5cabee4253d52d0d01ca64ba2\"}"},{"dataType":"ValueEntry","value":"{\"_name\":\"isFullCompilationEnabled\",\"_value\":true,\"_valueType\":\"boolean\",\"_hash\":\"98b683d049e4e7fc32ef1be5321fe0b6\"}"},{"dataType":"ValueEntry","value":"{\"_name\":\"isHarWithCoverage\",\"_value\":false,\"_valueType\":\"boolean\",\"_hash\":\"7224a86bd9c5f83cb9a1a61584afcfb4\"}"},{"dataType":"ValueEntry","value":"{\"_name\":\"modulePathMap\",\"_value\":\"{\\\"entry\\\":\\\"/Users/jes/Hospital/entry\\\"}\",\"_valueType\":\"string\",\"_hash\":\"abdcea08b7986ae7e973dfb0a3ba4c18\"}"},{"dataType":"ValueEntry","value":"{\"_name\":\"module_dependencies\",\"_value\":\"{}\",\"_valueType\":\"string\",\"_hash\":\"974757f304b5bfd1c1454ea7a38cd0d5\"}"},{"dataType":"ValueEntry","value":"{\"_name\":\"needSubmitArkTsWidget\",\"_value\":false,\"_valueType\":\"boolean\",\"_hash\":\"dc1ab65720a503a3d9098eab280b7116\"}"},{"dataType":"ValueEntry","value":"{\"_name\":\"nodeModulesPath\",\"_value\":\"/Users/jes/Hospital/entry/build/default/intermediates/loader_out/default/node_modules\",\"_valueType\":\"string\",\"_hash\":\"22555d2be66c2d42c0bfb563cc814948\"}"},{"dataType":"ValueEntry","value":"{\"_name\":\"overrides\",\"_valueType\":\"undefined\",\"_hash\":\"0e8f66f8eb79c6f33fb153c3fc3942f4\"}"},{"dataType":"ValueEntry","value":"{\"_name\":\"projectRootPath\",\"_value\":\"/Users/jes/Hospital\",\"_valueType\":\"string\",\"_hash\":\"4a0227dcfee08376f7ee3d928a5a9b90\"}"},{"dataType":"ValueEntry","value":"{\"_name\":\"project_dependencies\",\"_value\":\"{\\\"@mcui/mccharts\\\":\\\"^2.8.4\\\"}\",\"_valueType\":\"string\",\"_hash\":\"14df05d6fc0c2d870f9877d3b71b2c71\"}"},{"dataType":"ValueEntry","value":"{\"_name\":\"shouldTreatHarAsHap\",\"_value\":false,\"_valueType\":\"boolean\",\"_hash\":\"24c9a48f68bd9cc73238825ca10c9629\"}"},{"dataType":"ValueEntry","value":"{\"_name\":\"targetConfig\",\"_value\":\"{\\\"name\\\":\\\"default\\\"}\",\"_valueType\":\"string\",\"_hash\":\"44f0c01d44e2bbf4013c5bb1f232e1fe\"}"},{"dataType":"ValueEntry","value":"{\"_name\":\"useNormalizedOHMUrl\",\"_value\":true,\"_valueType\":\"boolean\",\"_hash\":\"05eabcf12e6fe230e579e0fd37679db6\"}"}],"_successful":true,"_projectName":"Hospital","_moduleName":"entry","_taskName":"default@GenerateLoaderJson","_key":":Hospital:entry:default@GenerateLoaderJson","_executionId":":Hospital:entry:default@GenerateLoaderJson:1736135603828","_inputFiles":{"dataType":"Map","value":[["/Users/jes/Hospital/entry/src/mock/mock-config.json5",{"fileSnapShotHashValue":"600b060e921d77496fe4d739d0433c7d"}],["/Users/jes/Hospital/entry/build/default/intermediates/loader/default/pkgContextInfo.json",{"fileSnapShotHashValue":"636fb155b844468c252a5cf96b062aa2"}],["/Users/jes/Hospital/entry/build/default/intermediates/router_map/default/temp-router-map.json",{"fileSnapShotHashValue":"b8f922412bb2367d1c11ca93cd8c680c"}]]},"_outputFiles":{"dataType":"Map","value":[["/Users/jes/Hospital/entry/build/default/intermediates/loader/default/loader.json",{"isDirectory":false,"fileSnapShotHashValue":"be39097d4ccc40658f131cbdcb59a3e8"}]]}},":Hospital:entry:default@ProcessLibs":{"_inputs":[{"dataType":"ValueEntry","value":"{\"_name\":\"BUILTIN_TASK_COMMAND\",\"_value\":\"\",\"_valueType\":\"string\",\"_hash\":\"0b5d05294fdf4e78e8482ef53eb64ac0\"}"},{"dataType":"ValueEntry","value":"{\"_name\":\"BUILTIN_TASK_ENV\",\"_value\":\"\",\"_valueType\":\"string\",\"_hash\":\"cdcdc2ec8062ca9ec1de46dbf2bbc053\"}"},{"dataType":"ValueEntry","value":"{\"_name\":\"BUILTIN_TASK_TOOLCHAIN\",\"_value\":\"\",\"_valueType\":\"string\",\"_hash\":\"e7f94a9422a8bc317a7d90b58efcb5f6\"}"},{"dataType":"ValueEntry","value":"{\"_name\":\"isBundledDependencies\",\"_value\":false,\"_valueType\":\"boolean\",\"_hash\":\"a69aa552317c7a6e087cb84a5722e050\"}"},{"dataType":"ValueEntry","value":"{\"_name\":\"isByteCodeHar\",\"_value\":false,\"_valueType\":\"boolean\",\"_hash\":\"c5f9b9e5cabee4253d52d0d01ca64ba2\"}"}],"_successful":true,"_projectName":"Hospital","_moduleName":"entry","_taskName":"default@ProcessLibs","_key":":Hospital:entry:default@ProcessLibs","_executionId":":Hospital:entry:default@ProcessLibs:1735817462366","_inputFiles":{"dataType":"Map","value":[["/Users/jes/Hospital/oh_modules/.ohpm/@mcui+mccharts@2.8.4/oh_modules/@mcui/mccharts/libs",{"fileSnapShotHashValue":""}],["/Users/jes/Hospital/build-profile.json5",{"fileSnapShotHashValue":"9d67d92d298e611e66e8f48b44726f3c"}],["/Users/jes/Hospital/entry/build-profile.json5",{"fileSnapShotHashValue":"4fc07bdac6e5cc8b46b965de82826105"}]]},"_outputFiles":{"dataType":"Map","value":[["/Users/jes/Hospital/entry/build/default/intermediates/libs/default",{"isDirectory":true,"fileSnapShotHashValue":""}]]}},":Hospital:entry:default@CompileResource":{"_inputs":[{"dataType":"ValueEntry","value":"{\"_name\":\"BUILTIN_TASK_COMMAND\",\"_value\":\"/Applications/DevEco-Studio.app/Contents/sdk/default/openharmony/toolchains/restool,-l,/Users/jes/Hospital/entry/build/default/intermediates/res/default/resConfig.json\",\"_valueType\":\"string\",\"_hash\":\"1fcb630f0096ba27d31c1f366fd83f75\"}"},{"dataType":"ValueEntry","value":"{\"_name\":\"BUILTIN_TASK_ENV\",\"_value\":\"\",\"_valueType\":\"string\",\"_hash\":\"cdcdc2ec8062ca9ec1de46dbf2bbc053\"}"},{"dataType":"ValueEntry","value":"{\"_name\":\"BUILTIN_TASK_TOOLCHAIN\",\"_value\":\"/Applications/DevEco-Studio.app/Contents/sdk/default/openharmony/toolchains/restool\",\"_valueType\":\"string\",\"_hash\":\"fcba0b645b9f3d36b6a4e28393558fe1\"}"},{"dataType":"ValueEntry","value":"{\"_name\":\"TARGET_CONFIG\",\"_value\":\"{\\\"name\\\":\\\"default\\\"}\",\"_valueType\":\"string\",\"_hash\":\"ebe85c5c20c0e5d9e03bc5dc7135f953\"}"}],"_successful":true,"_projectName":"Hospital","_moduleName":"entry","_taskName":"default@CompileResource","_key":":Hospital:entry:default@CompileResource","_executionId":":Hospital:entry:default@CompileResource:1736135603839","_inputFiles":{"dataType":"Map","value":[["/Users/jes/Hospital/entry/src/main/resources",{"fileSnapShotHashValue":"9541a3e1c7356b84b6e699a3ac9fd1ff"}],["/Users/jes/Hospital/oh_modules/.ohpm/@mcui+mccharts@2.8.4/oh_modules/@mcui/mccharts/src/main/resources",{"fileSnapShotHashValue":"e9a5df0cd481e5409d4f6c35c1b0c63f"}],["/Users/jes/Hospital/entry/build/default/intermediates/res/default/resource_str",{"fileSnapShotHashValue":"095b96ce276455bc8b933ad099a10703"}],["/Users/jes/Hospital/AppScope/resources",{"fileSnapShotHashValue":"678f8c7c4f457c4176576bdb39f7e1d2"}],["/Users/jes/Hospital/entry/build/default/intermediates/process_profile/default/module.json",{"isDirectory":false,"fileSnapShotHashValue":"fd20d84cac7c186cbd57ff0ae6b03b19"}],["/Users/jes/Hospital/entry/build/default/intermediates/res/default/resConfig.json",{"isDirectory":false,"fileSnapShotHashValue":"b63f8bf07d8c1f08515b52bab427dc48"}]]},"_outputFiles":{"dataType":"Map","value":[["/Users/jes/Hospital/entry/build/default/intermediates/res/default",{"isDirectory":true,"fileSnapShotHashValue":"8ffe118e4263c03f604a2d302bee1ef1"}],["/Users/jes/Hospital/entry/build/default/generated/r/default/ResourceTable.h",{"isDirectory":false,"fileSnapShotHashValue":"22ae182fa4c0fb1cc4c9fde179f72fa6"}],["/Users/jes/Hospital/entry/build/default/generated/r/default",{"isDirectory":true,"fileSnapShotHashValue":"0dafb2898f5832120bd2e29359f24851"}]]}},":Hospital:entry:default@CompileArkTS":{"_inputs":[{"dataType":"ValueEntry","value":"{\"_name\":\"BUILTIN_TASK_COMMAND\",\"_value\":\"\",\"_valueType\":\"string\",\"_hash\":\"0b5d05294fdf4e78e8482ef53eb64ac0\"}"},{"dataType":"ValueEntry","value":"{\"_name\":\"BUILTIN_TASK_ENV\",\"_value\":\"\",\"_valueType\":\"string\",\"_hash\":\"cdcdc2ec8062ca9ec1de46dbf2bbc053\"}"},{"dataType":"ValueEntry","value":"{\"_name\":\"BUILTIN_TASK_TOOLCHAIN\",\"_value\":\"\",\"_valueType\":\"string\",\"_hash\":\"e7f94a9422a8bc317a7d90b58efcb5f6\"}"},{"dataType":"ValueEntry","value":"{\"_name\":\"OBFUSCATION_ENABLE\",\"_value\":\"undefined\",\"_valueType\":\"string\",\"_hash\":\"ff7227e14d015249a3e7d1c72a6f786b\"}"},{"dataType":"ValueEntry","value":"{\"_name\":\"ark.tsImportSendable\",\"_value\":false,\"_valueType\":\"boolean\",\"_hash\":\"f04f50b7ce70c30751c6005395587e54\"}"},{"dataType":"ValueEntry","value":"{\"_name\":\"arkTsWdiget\",\"_value\":false,\"_valueType\":\"boolean\",\"_hash\":\"b12526953df011fdbb1a10e071b0de01\"}"},{"dataType":"ValueEntry","value":"{\"_name\":\"caseSensitiveCheck\",\"_value\":true,\"_valueType\":\"boolean\",\"_hash\":\"cd175ad918160c0eb1e2f6718fb35229\"}"},{"dataType":"ValueEntry","value":"{\"_name\":\"compatibleSdkVersionStage\",\"_value\":\"\",\"_valueType\":\"string\",\"_hash\":\"713e499a13beffe12f1dfb936f957a2a\"}"},{"dataType":"ValueEntry","value":"{\"_name\":\"customTypes\",\"_value\":\"\",\"_valueType\":\"string\",\"_hash\":\"970a2695bffac1c5a4fa283dc36050e3\"}"},{"dataType":"ValueEntry","value":"{\"_name\":\"debuggable\",\"_value\":true,\"_valueType\":\"boolean\",\"_hash\":\"9317e353a3dfc7a50e38661ad8ff5997\"}"},{"dataType":"ValueEntry","value":"{\"_name\":\"isArk\",\"_value\":true,\"_valueType\":\"boolean\",\"_hash\":\"17ecedf2dfb147b839a2b53bbdd3901b\"}"},{"dataType":"ValueEntry","value":"{\"_name\":\"needCoverageInsert\",\"_value\":false,\"_valueType\":\"boolean\",\"_hash\":\"581186029b4d8239f5770bb9c4a40772\"}"},{"dataType":"ValueEntry","value":"{\"_name\":\"noExternalImportByPath\",\"_value\":true,\"_valueType\":\"boolean\",\"_hash\":\"72d1789966f06925166815a30f329f54\"}"},{"dataType":"ValueEntry","value":"{\"_name\":\"transformLib\",\"_value\":\"\",\"_valueType\":\"string\",\"_hash\":\"7d270d0ce7ae5c6e2e32760cb396ea5a\"}"},{"dataType":"ValueEntry","value":"{\"_name\":\"useNormalizedOHMUrl\",\"_value\":true,\"_valueType\":\"boolean\",\"_hash\":\"05eabcf12e6fe230e579e0fd37679db6\"}"}],"_successful":true,"_projectName":"Hospital","_moduleName":"entry","_taskName":"default@CompileArkTS","_key":":Hospital:entry:default@CompileArkTS","_executionId":":Hospital:entry:default@CompileArkTS:1736157235324","_inputFiles":{"dataType":"Map","value":[["/Users/jes/Hospital/entry/build/default/intermediates/loader/default",{"isDirectory":true,"fileSnapShotHashValue":"6d9669ab94a4a90f3f8b4c2957daca2e"}],["/Users/jes/Hospital/oh_modules/.ohpm/@mcui+mccharts@2.8.4/oh_modules/@mcui/mccharts/index.ets",{"fileSnapShotHashValue":"b1820433f01ecb85546ffc256bb90e08"}],["/Users/jes/Hospital/oh_modules/.ohpm/@mcui+mccharts@2.8.4/oh_modules/@mcui/mccharts/src/main/ets",{"isDirectory":true,"fileSnapShotHashValue":"2968dab2e4c6c68bb8fdc57badeba9b9"}],["/Users/jes/Hospital/entry/build/default/intermediates/res/default/resources/rawfile",{"isDirectory":true,"fileSnapShotHashValue":"aa05e6f75b89b49fbd3af62037385ec4"}],["/Users/jes/Hospital/entry/build/default/intermediates/res/default/ResourceTable.txt",{"fileSnapShotHashValue":"18c89af0b70ca5f6c0c5478449f67a34"}],["/Users/jes/Hospital/entry/build/default/intermediates/res/default/module.json",{"fileSnapShotHashValue":"1df4f018165729f3216061ffedf1efc0"}],["/Users/jes/Hospital/entry/build/default/intermediates/res/default/resources/base/profile",{"isDirectory":true,"fileSnapShotHashValue":"98e832fc52ccc335705039d072343719"}],["/Users/jes/Hospital/entry/src/main/ets",{"isDirectory":true,"fileSnapShotHashValue":"8c4ff1dfdb27b1e68d7dd01d5b00f59e"}],["/Users/jes/Hospital/entry/build/default/intermediates/loader/default/pkgContextInfo.json",{"fileSnapShotHashValue":"636fb155b844468c252a5cf96b062aa2"}],["/Users/jes/Hospital/entry/build/default/generated/profile/default/BuildProfile.ets",{"fileSnapShotHashValue":"f45ca7493025d945d4a8dc2a838a03cd"}],["/Users/jes/Hospital/entry/src/mock/mock-config.json5",{"isDirectory":false,"fileSnapShotHashValue":"600b060e921d77496fe4d739d0433c7d"}]]},"_outputFiles":{"dataType":"Map","value":[["/Users/jes/Hospital/entry/build/default/intermediates/loader_out/default/ets",{"isDirectory":true,"fileSnapShotHashValue":"3f60389d78ce52fd59c3767cffcb70bf"}]]}},":Hospital:entry:default@BuildJS":{"_inputs":[{"dataType":"ValueEntry","value":"{\"_name\":\"debuggable\",\"_value\":true,\"_valueType\":\"boolean\"}"},{"dataType":"ValueEntry","value":"{\"_name\":\"isArk\",\"_value\":true,\"_valueType\":\"boolean\"}"},{"dataType":"ValueEntry","value":"{\"_name\":\"needCoverageInsert\",\"_value\":false,\"_valueType\":\"boolean\"}"},{"dataType":"ValueEntry","value":"{\"_name\":\"ark.tsImportSendable\",\"_value\":false,\"_valueType\":\"boolean\"}"},{"dataType":"ValueEntry","value":"{\"_name\":\"customTypes\",\"_value\":\"\",\"_valueType\":\"string\"}"},{"dataType":"ValueEntry","value":"{\"_name\":\"caseSensitiveCheck\",\"_value\":true,\"_valueType\":\"boolean\"}"},{"dataType":"ValueEntry","value":"{\"_name\":\"useNormalizedOHMUrl\",\"_value\":true,\"_valueType\":\"boolean\"}"},{"dataType":"ValueEntry","value":"{\"_name\":\"transformLib\",\"_value\":\"\",\"_valueType\":\"string\"}"},{"dataType":"ValueEntry","value":"{\"_name\":\"compatibleSdkVersionStage\",\"_value\":\"\",\"_valueType\":\"string\"}"},{"dataType":"ValueEntry","value":"{\"_name\":\"BUILTIN_TASK_COMMAND\",\"_value\":\"\",\"_valueType\":\"string\"}"},{"dataType":"ValueEntry","value":"{\"_name\":\"BUILTIN_TASK_TOOLCHAIN\",\"_value\":\"\",\"_valueType\":\"string\"}"},{"dataType":"ValueEntry","value":"{\"_name\":\"BUILTIN_TASK_ENV\",\"_value\":\"\",\"_valueType\":\"string\"}"}],"_successful":false,"_projectName":"Hospital","_moduleName":"entry","_taskName":"default@BuildJS","_key":":Hospital:entry:default@BuildJS","_executionId":":Hospital:entry:default@BuildJS:1736162570564","_inputFiles":{"dataType":"Map","value":[["/Users/jes/Hospital/entry/build/default/intermediates/loader/default",{"isDirectory":true,"fileSnapShotHashValue":"6d9669ab94a4a90f3f8b4c2957daca2e"}],["/Users/jes/Hospital/oh_modules/.ohpm/@mcui+mccharts@2.8.4/oh_modules/@mcui/mccharts/index.ets",{"fileSnapShotHashValue":"b1820433f01ecb85546ffc256bb90e08"}],["/Users/jes/Hospital/entry/build/default/intermediates/res/default/resources/rawfile",{"isDirectory":true,"fileSnapShotHashValue":"aa05e6f75b89b49fbd3af62037385ec4"}],["/Users/jes/Hospital/entry/build/default/intermediates/res/default/ResourceTable.txt",{"fileSnapShotHashValue":"18c89af0b70ca5f6c0c5478449f67a34"}],["/Users/jes/Hospital/entry/build/default/intermediates/res/default/module.json",{"fileSnapShotHashValue":"1df4f018165729f3216061ffedf1efc0"}],["/Users/jes/Hospital/entry/build/default/intermediates/res/default/resources/base/profile",{"isDirectory":true,"fileSnapShotHashValue":"98e832fc52ccc335705039d072343719"}],["/Users/jes/Hospital/entry/build/default/intermediates/loader/default/pkgContextInfo.json",{"fileSnapShotHashValue":"636fb155b844468c252a5cf96b062aa2"}]]},"_outputFiles":{"dataType":"Map","value":[["/Users/jes/Hospital/entry/build/default/intermediates/loader_out/default/js",{"isDirectory":true,"fileSnapShotHashValue":""}]]}},":Hospital:entry:default@DoNativeStrip":{"_inputs":[{"dataType":"ValueEntry","value":"{\"_name\":\"BUILTIN_TASK_COMMAND\",\"_value\":\"\",\"_valueType\":\"string\",\"_hash\":\"0b5d05294fdf4e78e8482ef53eb64ac0\"}"},{"dataType":"ValueEntry","value":"{\"_name\":\"BUILTIN_TASK_ENV\",\"_value\":\"\",\"_valueType\":\"string\",\"_hash\":\"cdcdc2ec8062ca9ec1de46dbf2bbc053\"}"},{"dataType":"ValueEntry","value":"{\"_name\":\"BUILTIN_TASK_TOOLCHAIN\",\"_value\":\"\",\"_valueType\":\"string\",\"_hash\":\"e7f94a9422a8bc317a7d90b58efcb5f6\"}"},{"dataType":"ValueEntry","value":"{\"_name\":\"debugSymbol\",\"_value\":\"\",\"_valueType\":\"string\",\"_hash\":\"055eeab6818b3f1a4978705cfba272fa\"}"}],"_successful":true,"_projectName":"Hospital","_moduleName":"entry","_taskName":"default@DoNativeStrip","_key":":Hospital:entry:default@DoNativeStrip","_executionId":":Hospital:entry:default@DoNativeStrip:1735355984821","_inputFiles":{"dataType":"Map","value":[["/Users/jes/Hospital/entry/build/default/intermediates/libs/default",{"isDirectory":true,"fileSnapShotHashValue":""}]]},"_outputFiles":{"dataType":"Map","value":[["/Users/jes/Hospital/entry/build/default/intermediates/stripped_native_libs/default",{"isDirectory":true,"fileSnapShotHashValue":""}]]}},":Hospital:entry:default@CacheNativeLibs":{"_inputs":[{"dataType":"ValueEntry","value":"{\"_name\":\"BUILTIN_TASK_COMMAND\",\"_value\":\"\",\"_valueType\":\"string\",\"_hash\":\"0b5d05294fdf4e78e8482ef53eb64ac0\"}"},{"dataType":"ValueEntry","value":"{\"_name\":\"BUILTIN_TASK_ENV\",\"_value\":\"\",\"_valueType\":\"string\",\"_hash\":\"cdcdc2ec8062ca9ec1de46dbf2bbc053\"}"},{"dataType":"ValueEntry","value":"{\"_name\":\"BUILTIN_TASK_TOOLCHAIN\",\"_value\":\"\",\"_valueType\":\"string\",\"_hash\":\"e7f94a9422a8bc317a7d90b58efcb5f6\"}"},{"dataType":"ValueEntry","value":"{\"_name\":\"debugSymbol\",\"_value\":\"\",\"_valueType\":\"string\",\"_hash\":\"055eeab6818b3f1a4978705cfba272fa\"}"}],"_successful":true,"_projectName":"Hospital","_moduleName":"entry","_taskName":"default@CacheNativeLibs","_key":":Hospital:entry:default@CacheNativeLibs","_executionId":":Hospital:entry:default@CacheNativeLibs:1735355985047","_inputFiles":{"dataType":"Map","value":[["/Users/jes/Hospital/entry/build/default/intermediates/stripped_native_libs/default",{"isDirectory":true,"fileSnapShotHashValue":""}],["/Users/jes/Hospital/entry/build/default/intermediates/libs/default",{"isDirectory":true,"fileSnapShotHashValue":""}]]},"_outputFiles":{"dataType":"Map","value":[["/Users/jes/Hospital/entry/build/default/intermediates/patch/default/base_native_libs.json",{"isDirectory":false,"fileSnapShotHashValue":"011c41aa2b22942f4de09f69a1d0f491"}]]}},":Hospital:entry:default@GeneratePkgModuleJson":{"_inputs":[{"dataType":"ValueEntry","value":"{\"_name\":\"BUILTIN_TASK_COMMAND\",\"_value\":\"\",\"_valueType\":\"string\",\"_hash\":\"0b5d05294fdf4e78e8482ef53eb64ac0\"}"},{"dataType":"ValueEntry","value":"{\"_name\":\"BUILTIN_TASK_ENV\",\"_value\":\"\",\"_valueType\":\"string\",\"_hash\":\"cdcdc2ec8062ca9ec1de46dbf2bbc053\"}"},{"dataType":"ValueEntry","value":"{\"_name\":\"BUILTIN_TASK_TOOLCHAIN\",\"_value\":\"\",\"_valueType\":\"string\",\"_hash\":\"e7f94a9422a8bc317a7d90b58efcb5f6\"}"}],"_successful":true,"_projectName":"Hospital","_moduleName":"entry","_taskName":"default@GeneratePkgModuleJson","_key":":Hospital:entry:default@GeneratePkgModuleJson","_executionId":":Hospital:entry:default@GeneratePkgModuleJson:1736135604912","_inputFiles":{"dataType":"Map","value":[["/Users/jes/Hospital/entry/build/default/intermediates/res/default/module.json",{"fileSnapShotHashValue":"1df4f018165729f3216061ffedf1efc0"}]]},"_outputFiles":{"dataType":"Map","value":[["/Users/jes/Hospital/entry/build/default/intermediates/package/default/module.json",{"fileSnapShotHashValue":"4262cc7ce2bc6734ecf513449ce32024"}]]}},":Hospital:entry:default@PackageHap":{"_inputs":[{"dataType":"ValueEntry","value":"{\"_name\":\"BUILTIN_TASK_COMMAND\",\"_value\":\"java,-Dfile.encoding=utf-8,-jar,/Applications/DevEco-Studio.app/Contents/sdk/default/openharmony/toolchains/lib/app_packing_tool.jar,--mode,hap,--force,true,--lib-path,/Users/jes/Hospital/entry/build/default/intermediates/stripped_native_libs/default,--json-path,/Users/jes/Hospital/entry/build/default/intermediates/package/default/module.json,--resources-path,/Users/jes/Hospital/entry/build/default/intermediates/res/default/resources,--index-path,/Users/jes/Hospital/entry/build/default/intermediates/res/default/resources.index,--pack-info-path,/Users/jes/Hospital/entry/build/default/outputs/default/pack.info,--out-path,/Users/jes/Hospital/entry/build/default/outputs/default/entry-default-unsigned.hap,--ets-path,/Users/jes/Hospital/entry/build/default/intermediates/loader_out/default/ets,--pkg-context-path,/Users/jes/Hospital/entry/build/default/intermediates/loader/default/pkgContextInfo.json\",\"_valueType\":\"string\",\"_hash\":\"28be8d7a742ea3cbe325ef687a0eaefc\"}"},{"dataType":"ValueEntry","value":"{\"_name\":\"BUILTIN_TASK_ENV\",\"_value\":\"\",\"_valueType\":\"string\",\"_hash\":\"cdcdc2ec8062ca9ec1de46dbf2bbc053\"}"},{"dataType":"ValueEntry","value":"{\"_name\":\"BUILTIN_TASK_TOOLCHAIN\",\"_value\":\"/Applications/DevEco-Studio.app/Contents/sdk/default/openharmony/toolchains/lib/app_packing_tool.jar\",\"_valueType\":\"string\",\"_hash\":\"0eacd0ed64d3f8899a302843fe1d46ad\"}"},{"dataType":"ValueEntry","value":"{\"_name\":\"bundleType\",\"_value\":\"app\",\"_valueType\":\"string\",\"_hash\":\"52d51b7a536b92694516aaef4862f108\"}"},{"dataType":"ValueEntry","value":"{\"_name\":\"hotReload\",\"_value\":false,\"_valueType\":\"boolean\",\"_hash\":\"5ac751c77a9acfe5e8b96c28ebdbaeed\"}"},{"dataType":"ValueEntry","value":"{\"_name\":\"integrated_hsp\",\"_value\":false,\"_valueType\":\"boolean\",\"_hash\":\"2538281751f182d9123d2ab28efaf9be\"}"},{"dataType":"ValueEntry","value":"{\"_name\":\"projectConfigAppOpt\",\"_valueType\":\"undefined\",\"_hash\":\"b52997704fa206ed96a13a1f2e464a85\"}"},{"dataType":"ValueEntry","value":"{\"_name\":\"sourceMapDir\",\"_value\":\"\",\"_valueType\":\"string\",\"_hash\":\"c5d87571127f849274031c5a70f3fcd9\"}"}],"_successful":true,"_projectName":"Hospital","_moduleName":"entry","_taskName":"default@PackageHap","_key":":Hospital:entry:default@PackageHap","_executionId":":Hospital:entry:default@PackageHap:1736157236201","_inputFiles":{"dataType":"Map","value":[["/Users/jes/Hospital/entry/build/default/intermediates/stripped_native_libs/default",{"isDirectory":false,"fileSnapShotHashValue":""}],["/Users/jes/Hospital/entry/build/default/intermediates/res/default/module.json",{"isDirectory":false,"fileSnapShotHashValue":"1df4f018165729f3216061ffedf1efc0"}],["/Users/jes/Hospital/entry/build/default/intermediates/res/default/resources",{"isDirectory":false,"fileSnapShotHashValue":"023297048c98cfd98ccc466b502184f7"}],["/Users/jes/Hospital/entry/build/default/intermediates/res/default/resources.index",{"isDirectory":false,"fileSnapShotHashValue":"843cc506a10fa4ffbd409b0daaf0a8be"}],["/Users/jes/Hospital/entry/build/default/outputs/default/pack.info",{"isDirectory":false,"fileSnapShotHashValue":"8739544e0b85eab11586ca2cb5a64736"}],["/Users/jes/Hospital/entry/build/default/intermediates/loader_out/default/ets",{"isDirectory":false,"fileSnapShotHashValue":"3f60389d78ce52fd59c3767cffcb70bf"}],["/Users/jes/Hospital/entry/build/default/intermediates/loader/default/pkgContextInfo.json",{"isDirectory":false,"fileSnapShotHashValue":"636fb155b844468c252a5cf96b062aa2"}],["/Users/jes/Hospital/entry/build/default/generated/profile/default/BuildProfile.ets",{"fileSnapShotHashValue":"f45ca7493025d945d4a8dc2a838a03cd"}]]},"_outputFiles":{"dataType":"Map","value":[["/Users/jes/Hospital/entry/build/default/outputs/default/entry-default-unsigned.hap",{"isDirectory":false,"fileSnapShotHashValue":"fd5e96d9dfdcf9186a8f61a6d9a5fe8a"}],["/Users/jes/Hospital/entry/build/default/outputs/default/mapping/sourceMaps.map",{"fileSnapShotHashValue":"105843544b551891c90e1943ea72e992"}]]}},":Hospital:entry:default@SignHap":{"_inputs":[{"dataType":"ValueEntry","value":"{\"_name\":\"enableSignTask\",\"_value\":true,\"_valueType\":\"boolean\"}"},{"dataType":"ValueEntry","value":"{\"_name\":\"sdkToolchainsComponentVersion\",\"_value\":\"5.0.1.106\",\"_valueType\":\"string\"}"},{"dataType":"ValueEntry","value":"{\"_name\":\"existSigningConfig\",\"_value\":false,\"_valueType\":\"boolean\"}"},{"dataType":"ValueEntry","value":"{\"_name\":\"BUILTIN_TASK_COMMAND\",\"_value\":\"\",\"_valueType\":\"string\"}"},{"dataType":"ValueEntry","value":"{\"_name\":\"BUILTIN_TASK_TOOLCHAIN\",\"_value\":\"\",\"_valueType\":\"string\"}"},{"dataType":"ValueEntry","value":"{\"_name\":\"BUILTIN_TASK_ENV\",\"_value\":\"\",\"_valueType\":\"string\"}"}],"_successful":true,"_projectName":"Hospital","_moduleName":"entry","_taskName":"default@SignHap","_key":":Hospital:entry:default@SignHap","_executionId":":Hospital:entry:default@SignHap:1736162570576","_inputFiles":{"dataType":"Map","value":[["/Users/jes/Hospital/entry/build/default/outputs/default/entry-default-unsigned.hap",{"isDirectory":false,"fileSnapShotHashValue":"fd5e96d9dfdcf9186a8f61a6d9a5fe8a"}]]},"_outputFiles":{"dataType":"Map","value":[["/Users/jes/Hospital/entry/build/default/outputs/default/entry-default-signed.hap",{"isDirectory":false,"fileSnapShotHashValue":""}]]}},":Hospital:entry:default@PreviewCompileResource":{"_inputs":[{"dataType":"ValueEntry","value":"{\"_name\":\"PREVIEWER_REPLACE_PAGE\",\"_valueType\":\"undefined\"}"},{"dataType":"ValueEntry","value":"{\"_name\":\"PREVIEWER_REPLACE_SRCPATH\",\"_valueType\":\"undefined\"}"},{"dataType":"ValueEntry","value":"{\"_name\":\"TARGET_CONFIG\",\"_value\":\"{\\\"name\\\":\\\"default\\\"}\",\"_valueType\":\"string\"}"},{"dataType":"ValueEntry","value":"{\"_name\":\"BUILTIN_TASK_COMMAND\",\"_value\":\"\",\"_valueType\":\"string\"}"},{"dataType":"ValueEntry","value":"{\"_name\":\"BUILTIN_TASK_TOOLCHAIN\",\"_value\":\"/Applications/DevEco-Studio.app/Contents/sdk/default/openharmony/toolchains/restool\",\"_valueType\":\"string\"}"},{"dataType":"ValueEntry","value":"{\"_name\":\"BUILTIN_TASK_ENV\",\"_value\":\"\",\"_valueType\":\"string\"}"}],"_successful":true,"_projectName":"Hospital","_moduleName":"entry","_taskName":"default@PreviewCompileResource","_key":":Hospital:entry:default@PreviewCompileResource","_executionId":":Hospital:entry:default@PreviewCompileResource:1736135542216","_inputFiles":{"dataType":"Map","value":[["/Users/jes/Hospital/entry/src/main/resources",{"fileSnapShotHashValue":"9541a3e1c7356b84b6e699a3ac9fd1ff"}],["/Users/jes/Hospital/oh_modules/.ohpm/@mcui+mccharts@2.8.4/oh_modules/@mcui/mccharts/src/main/resources",{"fileSnapShotHashValue":"e9a5df0cd481e5409d4f6c35c1b0c63f"}],["/Users/jes/Hospital/entry/.preview/default/intermediates/res/default/resource_str",{"fileSnapShotHashValue":"76f54d644650ff56cad476b0f8c640ec"}],["/Users/jes/Hospital/entry/.preview/default/intermediates/merge_profile/default/module.json",{"fileSnapShotHashValue":"3db8f602f4c2ca9483bb5fe6d8b8cfc4"}]]},"_outputFiles":{"dataType":"Map","value":[["/Users/jes/Hospital/entry/.preview/default/intermediates/res/default",{"isDirectory":true,"fileSnapShotHashValue":"f139731d8d463498cfe59e79c7d9360c"}],["/Users/jes/Hospital/entry/.preview/default/generated/r/default",{"isDirectory":true,"fileSnapShotHashValue":"5b4abaf3a50864b84de61fb4d29890ca"}]]}},":Hospital:entry:default@CopyPreviewProfile":{"_inputs":[{"dataType":"ValueEntry","value":"{\"_name\":\"BUILTIN_TASK_COMMAND\",\"_value\":\"\",\"_valueType\":\"string\"}"},{"dataType":"ValueEntry","value":"{\"_name\":\"BUILTIN_TASK_TOOLCHAIN\",\"_value\":\"\",\"_valueType\":\"string\"}"},{"dataType":"ValueEntry","value":"{\"_name\":\"BUILTIN_TASK_ENV\",\"_value\":\"\",\"_valueType\":\"string\"}"}],"_successful":true,"_projectName":"Hospital","_moduleName":"entry","_taskName":"default@CopyPreviewProfile","_key":":Hospital:entry:default@CopyPreviewProfile","_executionId":":Hospital:entry:default@CopyPreviewProfile:1736135542297","_inputFiles":{"dataType":"Map","value":[["/Users/jes/Hospital/entry/src/main/resources/base/profile",{"fileSnapShotHashValue":"0708ef6ff6a0f977f7aa48f3f7de99f1"}]]},"_outputFiles":{"dataType":"Map","value":[["/Users/jes/Hospital/entry/.preview/default/intermediates/res/default/resources/base/profile",{"fileSnapShotHashValue":"43317afa67241246b49631bc5d79a04a"}]]}},":Hospital:entry:default@PreviewUpdateAssets":{"_inputs":[{"dataType":"ValueEntry","value":"{\"_name\":\"previewBuildConfigJson\",\"_value\":\"{\\\"deviceType\\\":\\\"phone,tablet,2in1\\\",\\\"checkEntry\\\":\\\"true\\\",\\\"localPropertiesPath\\\":\\\"/Users/jes/Hospital/local.properties\\\",\\\"PATH\\\":\\\"/Applications/DevEco-Studio.app/Contents/tools/node/bin/\\\",\\\"note\\\":\\\"false\\\",\\\"aceProfilePath\\\":\\\"/Users/jes/Hospital/entry/.preview/default/intermediates/res/default/resources/base/profile\\\",\\\"isPreview\\\":\\\"true\\\",\\\"hapMode\\\":\\\"false\\\",\\\"buildMode\\\":\\\"debug\\\",\\\"img2bin\\\":\\\"true\\\",\\\"projectProfilePath\\\":\\\"/Users/jes/Hospital/build-profile.json5\\\",\\\"watchMode\\\":\\\"true\\\",\\\"appResource\\\":\\\"/Users/jes/Hospital/entry/.preview/default/intermediates/res/default/ResourceTable.txt\\\",\\\"logLevel\\\":\\\"3\\\",\\\"stageRouterConfig\\\":{\\\"contents\\\":[\\\"{\\\\\\\"module\\\\\\\":{\\\\\\\"pages\\\\\\\":\\\\\\\"$profile:main_pages\\\\\\\",\\\\\\\"name\\\\\\\":\\\\\\\"entry\\\\\\\"}}\\\",\\\"{\\\\\\\"src\\\\\\\":[\\\\\\\"pages/Index\\\\\\\",\\\\\\\"pages/Doctor\\\\\\\",\\\\\\\"pages/get_Doctor\\\\\\\",\\\\\\\"pages/Login_Page\\\\\\\",\\\\\\\"pages/get_User\\\\\\\",\\\\\\\"pages/get_Patient\\\\\\\",\\\\\\\"pages/Patient\\\\\\\",\\\\\\\"pages/get_Diagnoses\\\\\\\",\\\\\\\"pages/patient_to_doctor\\\\\\\",\\\\\\\"pages/FirstPage\\\\\\\",\\\\\\\"pages/DoctorPage\\\\\\\",\\\\\\\"pages/PatientPage\\\\\\\",\\\\\\\"pages/doctor_to_patient\\\\\\\",\\\\\\\"pages/DoctorIndex\\\\\\\",\\\\\\\"pages/ManagerIndex\\\\\\\",\\\\\\\"pages/PatientIndex\\\\\\\",\\\\\\\"pages/delete_Doctor\\\\\\\",\\\\\\\"pages/updata_Doctor\\\\\\\",\\\\\\\"pages/update_Patient\\\\\\\",\\\\\\\"pages/Nurse\\\\\\\",\\\\\\\"pages/get_Nurse\\\\\\\",\\\\\\\"pages/get_Mission\\\\\\\",\\\\\\\"pages/get_Mission1\\\\\\\",\\\\\\\"pages/Patient_count\\\\\\\",\\\\\\\"pages/get_Count\\\\\\\",\\\\\\\"pages/Patient_Login\\\\\\\"]}\\\"],\\\"paths\\\":[\\\"/Users/jes/Hospital/entry/.preview/default/intermediates/res/default/module.json\\\",\\\"/Users/jes/Hospital/entry/.preview/default/intermediates/res/default/resources/base/profile/main_pages.json\\\"]},\\\"aceBuildJson\\\":\\\"/Users/jes/Hospital/entry/.preview/default/intermediates/loader/default/loader.json\\\",\\\"aceModuleRoot\\\":\\\"/Users/jes/Hospital/entry/src/main/ets\\\",\\\"aceSoPath\\\":\\\"/Users/jes/Hospital/entry/.preview/cache/nativeDependencies.txt\\\",\\\"cachePath\\\":\\\"/Users/jes/Hospital/entry/.preview/cache/.default\\\",\\\"aceModuleBuild\\\":\\\"/Users/jes/Hospital/entry/.preview/default/intermediates/assets/default/ets\\\",\\\"aceModuleJsonPath\\\":\\\"/Users/jes/Hospital/entry/.preview/default/intermediates/res/default/module.json\\\"}\",\"_valueType\":\"string\"}"},{"dataType":"ValueEntry","value":"{\"_name\":\"BUILTIN_TASK_COMMAND\",\"_value\":\"\",\"_valueType\":\"string\"}"},{"dataType":"ValueEntry","value":"{\"_name\":\"BUILTIN_TASK_TOOLCHAIN\",\"_value\":\"\",\"_valueType\":\"string\"}"},{"dataType":"ValueEntry","value":"{\"_name\":\"BUILTIN_TASK_ENV\",\"_value\":\"\",\"_valueType\":\"string\"}"}],"_successful":true,"_projectName":"Hospital","_moduleName":"entry","_taskName":"default@PreviewUpdateAssets","_key":":Hospital:entry:default@PreviewUpdateAssets","_executionId":":Hospital:entry:default@PreviewUpdateAssets:1736135542300","_inputFiles":{"dataType":"Map","value":[]},"_outputFiles":{"dataType":"Map","value":[["/Users/jes/Hospital/entry/.preview/default/intermediates/res/default/module.json",{"isDirectory":false,"fileSnapShotHashValue":"8650572ddeef25618d25fd8cef42b3da"}],["/Users/jes/Hospital/entry/.preview/default/intermediates/res/default/resources/base/profile/main_pages.json",{"isDirectory":false,"fileSnapShotHashValue":"49a04ab65096a3513bd72bf19d2af1d9"}]]}},":Hospital:entry:default@PreviewArkTS":{"_inputs":[{"dataType":"ValueEntry","value":"{\"_name\":\"debuggable\",\"_value\":true,\"_valueType\":\"boolean\"}"},{"dataType":"ValueEntry","value":"{\"_name\":\"isArk\",\"_value\":true,\"_valueType\":\"boolean\"}"},{"dataType":"ValueEntry","value":"{\"_name\":\"needCoverageInsert\",\"_value\":false,\"_valueType\":\"boolean\"}"},{"dataType":"ValueEntry","value":"{\"_name\":\"ark.tsImportSendable\",\"_value\":false,\"_valueType\":\"boolean\"}"},{"dataType":"ValueEntry","value":"{\"_name\":\"customTypes\",\"_value\":\"\",\"_valueType\":\"string\"}"},{"dataType":"ValueEntry","value":"{\"_name\":\"caseSensitiveCheck\",\"_value\":true,\"_valueType\":\"boolean\"}"},{"dataType":"ValueEntry","value":"{\"_name\":\"useNormalizedOHMUrl\",\"_value\":true,\"_valueType\":\"boolean\"}"},{"dataType":"ValueEntry","value":"{\"_name\":\"transformLib\",\"_value\":\"\",\"_valueType\":\"string\"}"},{"dataType":"ValueEntry","value":"{\"_name\":\"compatibleSdkVersionStage\",\"_value\":\"\",\"_valueType\":\"string\"}"},{"dataType":"ValueEntry","value":"{\"_name\":\"arkTsWdiget\",\"_value\":false,\"_valueType\":\"boolean\"}"},{"dataType":"ValueEntry","value":"{\"_name\":\"OBFUSCATION_ENABLE\",\"_value\":\"undefined\",\"_valueType\":\"string\"}"},{"dataType":"ValueEntry","value":"{\"_name\":\"noExternalImportByPath\",\"_value\":true,\"_valueType\":\"boolean\"}"},{"dataType":"ValueEntry","value":"{\"_name\":\"BUILTIN_TASK_COMMAND\",\"_value\":\"\",\"_valueType\":\"string\"}"},{"dataType":"ValueEntry","value":"{\"_name\":\"BUILTIN_TASK_TOOLCHAIN\",\"_value\":\"\",\"_valueType\":\"string\"}"},{"dataType":"ValueEntry","value":"{\"_name\":\"BUILTIN_TASK_ENV\",\"_value\":\"\",\"_valueType\":\"string\"}"}],"_successful":true,"_projectName":"Hospital","_moduleName":"entry","_taskName":"default@PreviewArkTS","_key":":Hospital:entry:default@PreviewArkTS","_executionId":":Hospital:entry:default@PreviewArkTS:1736135542303","_inputFiles":{"dataType":"Map","value":[["/Users/jes/Hospital/entry/.preview/default/intermediates/loader/default",{"isDirectory":true,"fileSnapShotHashValue":"ca57045068c277dbeb03519b426b19ef"}],["/Users/jes/Hospital/oh_modules/.ohpm/@mcui+mccharts@2.8.4/oh_modules/@mcui/mccharts/index.ets",{"fileSnapShotHashValue":"b1820433f01ecb85546ffc256bb90e08"}],["/Users/jes/Hospital/oh_modules/.ohpm/@mcui+mccharts@2.8.4/oh_modules/@mcui/mccharts/src/main/ets",{"isDirectory":true,"fileSnapShotHashValue":"2968dab2e4c6c68bb8fdc57badeba9b9"}],["/Users/jes/Hospital/entry/.preview/default/intermediates/res/default/resources/rawfile",{"isDirectory":true,"fileSnapShotHashValue":"aa05e6f75b89b49fbd3af62037385ec4"}],["/Users/jes/Hospital/entry/.preview/default/intermediates/res/default/ResourceTable.txt",{"fileSnapShotHashValue":"082cf982974c80ab518710d396d5b263"}],["/Users/jes/Hospital/entry/.preview/default/intermediates/res/default/module.json",{"fileSnapShotHashValue":"8650572ddeef25618d25fd8cef42b3da"}],["/Users/jes/Hospital/entry/.preview/default/intermediates/res/default/resources/base/profile",{"isDirectory":true,"fileSnapShotHashValue":"43317afa67241246b49631bc5d79a04a"}],["/Users/jes/Hospital/entry/src/main/ets",{"isDirectory":true,"fileSnapShotHashValue":"d0d248194f236b644df26aa58ac9a878"}],["/Users/jes/Hospital/entry/.preview/default/intermediates/loader/default/pkgContextInfo.json",{"fileSnapShotHashValue":"b7c7cad573b2b3bf063fd5e41587f330"}],["/Users/jes/Hospital/entry/.preview/default/generated/profile/default/BuildProfile.ets",{"fileSnapShotHashValue":"5de236a73f3cee70893ed517fd3d1123"}],["/Users/jes/Hospital/entry/src/mock/mock-config.json5",{"isDirectory":false,"fileSnapShotHashValue":"600b060e921d77496fe4d739d0433c7d"}]]},"_outputFiles":{"dataType":"Map","value":[["/Users/jes/Hospital/entry/.preview/default/intermediates/loader_out/default/ets",{"isDirectory":true,"fileSnapShotHashValue":""}]]}}}