{"deviceType":"phone,tablet,2in1","checkEntry":"true","localPropertiesPath":"/Users/jes/Hospital/local.properties","PATH":"/Applications/DevEco-Studio.app/Contents/tools/node/bin/","note":"false","aceProfilePath":"/Users/jes/Hospital/entry/.preview/default/intermediates/res/default/resources/base/profile","isPreview":"true","hapMode":"false","buildMode":"debug","img2bin":"true","projectProfilePath":"/Users/jes/Hospital/build-profile.json5","watchMode":"true","appResource":"/Users/jes/Hospital/entry/.preview/default/intermediates/res/default/ResourceTable.txt","logLevel":"3","stageRouterConfig":{"contents":["{\"module\":{\"pages\":\"$profile:main_pages\",\"name\":\"entry\"}}","{\"src\":[\"pages/Index\",\"pages/Doctor\",\"pages/get_Doctor\",\"pages/Login_Page\",\"pages/get_User\",\"pages/get_Patient\",\"pages/Patient\",\"pages/get_Diagnoses\",\"pages/patient_to_doctor\",\"pages/FirstPage\",\"pages/DoctorPage\",\"pages/PatientPage\",\"pages/doctor_to_patient\",\"pages/DoctorIndex\",\"pages/ManagerIndex\",\"pages/PatientIndex\",\"pages/delete_Doctor\",\"pages/updata_Doctor\",\"pages/update_Patient\",\"pages/Nurse\",\"pages/get_Nurse\",\"pages/get_Mission\",\"pages/get_Mission1\",\"pages/Patient_count\",\"pages/get_Count\",\"pages/Patient_Login\"]}"],"paths":["/Users/jes/Hospital/entry/.preview/default/intermediates/res/default/module.json","/Users/jes/Hospital/entry/.preview/default/intermediates/res/default/resources/base/profile/main_pages.json"]},"port":"29908","aceBuildJson":"/Users/jes/Hospital/entry/.preview/default/intermediates/loader/default/loader.json","aceModuleRoot":"/Users/jes/Hospital/entry/src/main/ets","aceSoPath":"/Users/jes/Hospital/entry/.preview/cache/nativeDependencies.txt","cachePath":"/Users/jes/Hospital/entry/.preview/cache/.default","aceModuleBuild":"/Users/jes/Hospital/entry/.preview/default/intermediates/assets/default/ets","aceModuleJsonPath":"/Users/jes/Hospital/entry/.preview/default/intermediates/res/default/module.json"}