{"CACHE_SYNC_FILE_HASH":{"/Users/jes/Hospital/hvigor/hvigor-config.json5":"0b84a768b50619547d82fe62ef94d0304df80154ffcb530ee1121cd32b889844","/Users/jes/Hospital/oh-package.json5":"cde06735a00f3987f662726e047af3227dae11f2877afd38098888e6d400f475","/Users/jes/Hospital/entry/oh-package.json5":"2aad55fd43b32beeb8cf445920196fb0cd22c7b104c376aa064942ca5e02e6eb","/Users/jes/Hospital/entry/build-profile.json5":"dbfc83f188cef2ae345a353081b0ee81bfb95bb2a2703e24a7ca1de5e4aa7a29","/Users/jes/Hospital/build-profile.json5":"f7e22f7654317b65546657294ae45c9f97e15d4a995274022eff714b558bf127","/Users/jes/Hospital/hvigorfile.ts":"a0adb4ba60b27500be8ae68f604ecdb1af1212916351c955c672f0ac339a90b6","/Users/jes/Hospital/.hvigor/outputs/sync/output.json":"d8189c924e0772142262c2f6931863429e827286a73a490f4a8d0b932b978462","/Users/jes/Hospital/entry/hvigorfile.ts":"177918d9dd3b652d9c13f87cc074f1cc1a7264e517a2021e825f7229a0976c86","SDK_LOCATION":"/Applications/DevEco-Studio.app/Contents/sdk"},"OHPM_INSTALL_FILE_HASH":{"/Users/jes/Hospital/oh-package.json5":"cde06735a00f3987f662726e047af3227dae11f2877afd38098888e6d400f475","/Users/jes/Hospital/entry/oh-package.json5":"2aad55fd43b32beeb8cf445920196fb0cd22c7b104c376aa064942ca5e02e6eb","/Users/jes/Hospital/oh_modules":true,"/Users/jes/Hospital/entry/oh_modules":false}}