{
  "HVIGOR_OHOS_PLUGIN": {
    "MODULES": [
      {
        "MODULE_NAME": "1043bfc77febe75fafec0c4309faccf1",
        "API_TYPE": "stageMode"
      }
    ],
    "BUILD_MODE": "debug",
    "USE_NORMALIZED_OHMURL": true
  },
  "HVIGOR": {
    "IS_INCREMENTAL": true,
    "IS_DAEMON": true,
    "IS_PARALLEL": true,
    "IS_HVIGORFILE_TYPE_CHECK": false,
    "TASK_TIME": {
      "1043bfc77febe75fafec0c4309faccf1": {
        "ConfigureCmake": 75041,
        "PreCheckSyscap": 74500,
        "ProcessIntegratedHsp": 551292,
        "BuildNativeWithCmake": 68042,
        "SyscapTransform": 895750,
        "BuildNativeWithNinja": 362833,
        "BuildJS": 753417,
        "SignHap": 370750,
        "assembleHap": 117167
      }
    },
    "TOTAL_TIME": 187323541,
    "BUILD_ID": "202501061922503900"
  }
}