{
	"app": {
		"bundleName": "com.example.uitools",
		"debug": true,
		"versionCode": 1000000,
		"versionName": "1.0.0",
		"minAPIVersion": 50000012,
		"targetAPIVersion": 50001013,
		"apiReleaseType": "Beta3",
		"compileSdkVersion": "5.0.1.106",
		"compileSdkType": "HarmonyOS",
		"appEnvironments": [],
		"bundleType": "app"
	},
	"module": {
		"name": "meichuangtools",
		"type": "har",
		"deviceTypes": [
			"default",
			"tablet"
		],
		"packageName": "@mcui/mccharts",
		"installationFree": false,
		"virtualMachine": "ark12.0.2.0",
		"compileMode": "esmodule",
		"dependencies": []
	}
}
