[{"time":"2025-01-02T11:59:39.910Z","category":"etsTransform","level":"warn","msg":"\u001b[33mArkTS:WARN File: /Users/jes/Hospital/entry/src/main/ets/pages/Doctor.ets:43:9\n The @Prop property 'group_id' cannot be an optional parameter.","type":"plugin_log","fileId":"/Users/jes/Hospital/entry/src/main/ets/pages/Doctor.ets"},{"time":"2025-01-02T11:59:40.177Z","category":"etsTransform","level":"warn","msg":"\u001b[33mArkTS:WARN File: /Users/jes/Hospital/oh_modules/.ohpm/@mcui+mccharts@2.8.4/oh_modules/@mcui/mccharts/src/main/ets/components/mainpage/McBarChart.ets:101:5\n Property 'chartType' is private and can not be initialized through the component constructor.","type":"plugin_log","fileId":"/Users/jes/Hospital/oh_modules/.ohpm/@mcui+mccharts@2.8.4/oh_modules/@mcui/mccharts/src/main/ets/components/mainpage/McBarChart.ets"},{"time":"2025-01-02T11:59:40.178Z","category":"etsTransform","level":"warn","msg":"\u001b[33mArkTS:WARN File: /Users/jes/Hospital/oh_modules/.ohpm/@mcui+mccharts@2.8.4/oh_modules/@mcui/mccharts/src/main/ets/components/mainpage/McBarChart.ets:101:5\n Property 'callbackSendableClass' is private and can not be initialized through the component constructor.","type":"plugin_log","fileId":"/Users/jes/Hospital/oh_modules/.ohpm/@mcui+mccharts@2.8.4/oh_modules/@mcui/mccharts/src/main/ets/components/mainpage/McBarChart.ets"},{"time":"2025-01-02T11:59:40.178Z","category":"etsTransform","level":"warn","msg":"\u001b[33mArkTS:WARN File: /Users/jes/Hospital/oh_modules/.ohpm/@mcui+mccharts@2.8.4/oh_modules/@mcui/mccharts/src/main/ets/components/mainpage/McBarChart.ets:101:5\n Property 'click' is private and can not be initialized through the component constructor.","type":"plugin_log","fileId":"/Users/jes/Hospital/oh_modules/.ohpm/@mcui+mccharts@2.8.4/oh_modules/@mcui/mccharts/src/main/ets/components/mainpage/McBarChart.ets"},{"time":"2025-01-02T11:59:40.178Z","category":"etsTransform","level":"warn","msg":"\u001b[33mArkTS:WARN File: /Users/jes/Hospital/oh_modules/.ohpm/@mcui+mccharts@2.8.4/oh_modules/@mcui/mccharts/src/main/ets/components/mainpage/McBarChart.ets:101:5\n Property 'tooltipClick' is private and can not be initialized through the component constructor.","type":"plugin_log","fileId":"/Users/jes/Hospital/oh_modules/.ohpm/@mcui+mccharts@2.8.4/oh_modules/@mcui/mccharts/src/main/ets/components/mainpage/McBarChart.ets"},{"time":"2025-01-02T11:59:40.192Z","category":"etsTransform","level":"warn","msg":"\u001b[33mArkTS:WARN File: /Users/jes/Hospital/oh_modules/.ohpm/@mcui+mccharts@2.8.4/oh_modules/@mcui/mccharts/src/main/ets/components/mainpage/McPieChart.ets:147:7\n Property 'chartType' is private and can not be initialized through the component constructor.","type":"plugin_log","fileId":"/Users/jes/Hospital/oh_modules/.ohpm/@mcui+mccharts@2.8.4/oh_modules/@mcui/mccharts/src/main/ets/components/mainpage/McPieChart.ets"},{"time":"2025-01-02T11:59:40.192Z","category":"etsTransform","level":"warn","msg":"\u001b[33mArkTS:WARN File: /Users/jes/Hospital/oh_modules/.ohpm/@mcui+mccharts@2.8.4/oh_modules/@mcui/mccharts/src/main/ets/components/mainpage/McPieChart.ets:147:7\n Property 'callbackSendableClass' is private and can not be initialized through the component constructor.","type":"plugin_log","fileId":"/Users/jes/Hospital/oh_modules/.ohpm/@mcui+mccharts@2.8.4/oh_modules/@mcui/mccharts/src/main/ets/components/mainpage/McPieChart.ets"},{"time":"2025-01-02T11:59:40.192Z","category":"etsTransform","level":"warn","msg":"\u001b[33mArkTS:WARN File: /Users/jes/Hospital/oh_modules/.ohpm/@mcui+mccharts@2.8.4/oh_modules/@mcui/mccharts/src/main/ets/components/mainpage/McPieChart.ets:147:7\n Property 'click' is private and can not be initialized through the component constructor.","type":"plugin_log","fileId":"/Users/jes/Hospital/oh_modules/.ohpm/@mcui+mccharts@2.8.4/oh_modules/@mcui/mccharts/src/main/ets/components/mainpage/McPieChart.ets"},{"time":"2025-01-02T11:59:40.192Z","category":"etsTransform","level":"warn","msg":"\u001b[33mArkTS:WARN File: /Users/jes/Hospital/oh_modules/.ohpm/@mcui+mccharts@2.8.4/oh_modules/@mcui/mccharts/src/main/ets/components/mainpage/McPieChart.ets:147:7\n Property 'tooltipClick' is private and can not be initialized through the component constructor.","type":"plugin_log","fileId":"/Users/jes/Hospital/oh_modules/.ohpm/@mcui+mccharts@2.8.4/oh_modules/@mcui/mccharts/src/main/ets/components/mainpage/McPieChart.ets"},{"time":"2025-01-02T11:59:40.203Z","category":"etsTransform","level":"warn","msg":"\u001b[33mArkTS:WARN File: /Users/jes/Hospital/oh_modules/.ohpm/@mcui+mccharts@2.8.4/oh_modules/@mcui/mccharts/src/main/ets/components/mainpage/McHorBarChart.ets:91:5\n Property 'chartType' is private and can not be initialized through the component constructor.","type":"plugin_log","fileId":"/Users/jes/Hospital/oh_modules/.ohpm/@mcui+mccharts@2.8.4/oh_modules/@mcui/mccharts/src/main/ets/components/mainpage/McHorBarChart.ets"},{"time":"2025-01-02T11:59:40.203Z","category":"etsTransform","level":"warn","msg":"\u001b[33mArkTS:WARN File: /Users/jes/Hospital/oh_modules/.ohpm/@mcui+mccharts@2.8.4/oh_modules/@mcui/mccharts/src/main/ets/components/mainpage/McHorBarChart.ets:91:5\n Property 'callbackSendableClass' is private and can not be initialized through the component constructor.","type":"plugin_log","fileId":"/Users/jes/Hospital/oh_modules/.ohpm/@mcui+mccharts@2.8.4/oh_modules/@mcui/mccharts/src/main/ets/components/mainpage/McHorBarChart.ets"},{"time":"2025-01-02T11:59:40.203Z","category":"etsTransform","level":"warn","msg":"\u001b[33mArkTS:WARN File: /Users/jes/Hospital/oh_modules/.ohpm/@mcui+mccharts@2.8.4/oh_modules/@mcui/mccharts/src/main/ets/components/mainpage/McHorBarChart.ets:91:5\n Property 'click' is private and can not be initialized through the component constructor.","type":"plugin_log","fileId":"/Users/jes/Hospital/oh_modules/.ohpm/@mcui+mccharts@2.8.4/oh_modules/@mcui/mccharts/src/main/ets/components/mainpage/McHorBarChart.ets"},{"time":"2025-01-02T11:59:40.203Z","category":"etsTransform","level":"warn","msg":"\u001b[33mArkTS:WARN File: /Users/jes/Hospital/oh_modules/.ohpm/@mcui+mccharts@2.8.4/oh_modules/@mcui/mccharts/src/main/ets/components/mainpage/McHorBarChart.ets:91:5\n Property 'tooltipClick' is private and can not be initialized through the component constructor.","type":"plugin_log","fileId":"/Users/jes/Hospital/oh_modules/.ohpm/@mcui+mccharts@2.8.4/oh_modules/@mcui/mccharts/src/main/ets/components/mainpage/McHorBarChart.ets"},{"time":"2025-01-02T11:59:40.211Z","category":"etsTransform","level":"warn","msg":"\u001b[33mArkTS:WARN File: /Users/jes/Hospital/oh_modules/.ohpm/@mcui+mccharts@2.8.4/oh_modules/@mcui/mccharts/src/main/ets/components/mainpage/McLineBarChart.ets:34:5\n Property 'callbackSendableClass' is private and can not be initialized through the component constructor.","type":"plugin_log","fileId":"/Users/jes/Hospital/oh_modules/.ohpm/@mcui+mccharts@2.8.4/oh_modules/@mcui/mccharts/src/main/ets/components/mainpage/McLineBarChart.ets"},{"time":"2025-01-02T11:59:40.211Z","category":"etsTransform","level":"warn","msg":"\u001b[33mArkTS:WARN File: /Users/jes/Hospital/oh_modules/.ohpm/@mcui+mccharts@2.8.4/oh_modules/@mcui/mccharts/src/main/ets/components/mainpage/McLineBarChart.ets:34:5\n Property 'click' is private and can not be initialized through the component constructor.","type":"plugin_log","fileId":"/Users/jes/Hospital/oh_modules/.ohpm/@mcui+mccharts@2.8.4/oh_modules/@mcui/mccharts/src/main/ets/components/mainpage/McLineBarChart.ets"},{"time":"2025-01-02T11:59:40.211Z","category":"etsTransform","level":"warn","msg":"\u001b[33mArkTS:WARN File: /Users/jes/Hospital/oh_modules/.ohpm/@mcui+mccharts@2.8.4/oh_modules/@mcui/mccharts/src/main/ets/components/mainpage/McLineBarChart.ets:34:5\n Property 'tooltipClick' is private and can not be initialized through the component constructor.","type":"plugin_log","fileId":"/Users/jes/Hospital/oh_modules/.ohpm/@mcui+mccharts@2.8.4/oh_modules/@mcui/mccharts/src/main/ets/components/mainpage/McLineBarChart.ets"},{"time":"2025-01-02T11:59:40.220Z","category":"etsTransform","level":"warn","msg":"\u001b[33mArkTS:WARN File: /Users/jes/Hospital/oh_modules/.ohpm/@mcui+mccharts@2.8.4/oh_modules/@mcui/mccharts/src/main/ets/components/mainpage/McRadarChart.ets:87:5\n Property 'chartType' is private and can not be initialized through the component constructor.","type":"plugin_log","fileId":"/Users/jes/Hospital/oh_modules/.ohpm/@mcui+mccharts@2.8.4/oh_modules/@mcui/mccharts/src/main/ets/components/mainpage/McRadarChart.ets"},{"time":"2025-01-02T11:59:40.220Z","category":"etsTransform","level":"warn","msg":"\u001b[33mArkTS:WARN File: /Users/jes/Hospital/oh_modules/.ohpm/@mcui+mccharts@2.8.4/oh_modules/@mcui/mccharts/src/main/ets/components/mainpage/McRadarChart.ets:87:5\n Property 'click' is private and can not be initialized through the component constructor.","type":"plugin_log","fileId":"/Users/jes/Hospital/oh_modules/.ohpm/@mcui+mccharts@2.8.4/oh_modules/@mcui/mccharts/src/main/ets/components/mainpage/McRadarChart.ets"},{"time":"2025-01-02T11:59:40.220Z","category":"etsTransform","level":"warn","msg":"\u001b[33mArkTS:WARN File: /Users/jes/Hospital/oh_modules/.ohpm/@mcui+mccharts@2.8.4/oh_modules/@mcui/mccharts/src/main/ets/components/mainpage/McRadarChart.ets:87:5\n Property 'tooltipClick' is private and can not be initialized through the component constructor.","type":"plugin_log","fileId":"/Users/jes/Hospital/oh_modules/.ohpm/@mcui+mccharts@2.8.4/oh_modules/@mcui/mccharts/src/main/ets/components/mainpage/McRadarChart.ets"},{"time":"2025-01-02T11:59:40.227Z","category":"etsTransform","level":"warn","msg":"\u001b[33mArkTS:WARN File: /Users/jes/Hospital/oh_modules/.ohpm/@mcui+mccharts@2.8.4/oh_modules/@mcui/mccharts/src/main/ets/components/mainpage/McGaugeChart.ets:48:5\n Property 'chartType' is private and can not be initialized through the component constructor.","type":"plugin_log","fileId":"/Users/jes/Hospital/oh_modules/.ohpm/@mcui+mccharts@2.8.4/oh_modules/@mcui/mccharts/src/main/ets/components/mainpage/McGaugeChart.ets"},{"time":"2025-01-02T11:59:40.227Z","category":"etsTransform","level":"warn","msg":"\u001b[33mArkTS:WARN File: /Users/jes/Hospital/oh_modules/.ohpm/@mcui+mccharts@2.8.4/oh_modules/@mcui/mccharts/src/main/ets/components/mainpage/McGaugeChart.ets:48:5\n Property 'callbackSendableClass' is private and can not be initialized through the component constructor.","type":"plugin_log","fileId":"/Users/jes/Hospital/oh_modules/.ohpm/@mcui+mccharts@2.8.4/oh_modules/@mcui/mccharts/src/main/ets/components/mainpage/McGaugeChart.ets"},{"time":"2025-01-02T11:59:40.227Z","category":"etsTransform","level":"warn","msg":"\u001b[33mArkTS:WARN File: /Users/jes/Hospital/oh_modules/.ohpm/@mcui+mccharts@2.8.4/oh_modules/@mcui/mccharts/src/main/ets/components/mainpage/McGaugeChart.ets:48:5\n Property 'click' is private and can not be initialized through the component constructor.","type":"plugin_log","fileId":"/Users/jes/Hospital/oh_modules/.ohpm/@mcui+mccharts@2.8.4/oh_modules/@mcui/mccharts/src/main/ets/components/mainpage/McGaugeChart.ets"},{"time":"2025-01-02T11:59:40.227Z","category":"etsTransform","level":"warn","msg":"\u001b[33mArkTS:WARN File: /Users/jes/Hospital/oh_modules/.ohpm/@mcui+mccharts@2.8.4/oh_modules/@mcui/mccharts/src/main/ets/components/mainpage/McGaugeChart.ets:48:5\n Property 'tooltipClick' is private and can not be initialized through the component constructor.","type":"plugin_log","fileId":"/Users/jes/Hospital/oh_modules/.ohpm/@mcui+mccharts@2.8.4/oh_modules/@mcui/mccharts/src/main/ets/components/mainpage/McGaugeChart.ets"},{"time":"2025-01-02T11:59:40.242Z","category":"etsTransform","level":"warn","msg":"\u001b[33mArkTS:WARN File: /Users/jes/Hospital/oh_modules/.ohpm/@mcui+mccharts@2.8.4/oh_modules/@mcui/mccharts/src/main/ets/components/mainpage/McLineChart.ets:91:5\n Property 'chartType' is private and can not be initialized through the component constructor.","type":"plugin_log","fileId":"/Users/jes/Hospital/oh_modules/.ohpm/@mcui+mccharts@2.8.4/oh_modules/@mcui/mccharts/src/main/ets/components/mainpage/McLineChart.ets"},{"time":"2025-01-02T11:59:40.242Z","category":"etsTransform","level":"warn","msg":"\u001b[33mArkTS:WARN File: /Users/jes/Hospital/oh_modules/.ohpm/@mcui+mccharts@2.8.4/oh_modules/@mcui/mccharts/src/main/ets/components/mainpage/McLineChart.ets:91:5\n Property 'callbackSendableClass' is private and can not be initialized through the component constructor.","type":"plugin_log","fileId":"/Users/jes/Hospital/oh_modules/.ohpm/@mcui+mccharts@2.8.4/oh_modules/@mcui/mccharts/src/main/ets/components/mainpage/McLineChart.ets"},{"time":"2025-01-02T11:59:40.242Z","category":"etsTransform","level":"warn","msg":"\u001b[33mArkTS:WARN File: /Users/jes/Hospital/oh_modules/.ohpm/@mcui+mccharts@2.8.4/oh_modules/@mcui/mccharts/src/main/ets/components/mainpage/McLineChart.ets:91:5\n Property 'click' is private and can not be initialized through the component constructor.","type":"plugin_log","fileId":"/Users/jes/Hospital/oh_modules/.ohpm/@mcui+mccharts@2.8.4/oh_modules/@mcui/mccharts/src/main/ets/components/mainpage/McLineChart.ets"},{"time":"2025-01-02T11:59:40.242Z","category":"etsTransform","level":"warn","msg":"\u001b[33mArkTS:WARN File: /Users/jes/Hospital/oh_modules/.ohpm/@mcui+mccharts@2.8.4/oh_modules/@mcui/mccharts/src/main/ets/components/mainpage/McLineChart.ets:91:5\n Property 'tooltipClick' is private and can not be initialized through the component constructor.","type":"plugin_log","fileId":"/Users/jes/Hospital/oh_modules/.ohpm/@mcui+mccharts@2.8.4/oh_modules/@mcui/mccharts/src/main/ets/components/mainpage/McLineChart.ets"}]